,교량명,시도명,교량시작점위도,교량시작점경도,교량종료점위도,교량종료점경도
8263,장월교,서울특별시,37.617827,127.056945,37.61818,127.057266
8264,여의상류ICBOX,서울특별시,37.515462,126.938087,37.514856,126.933563
8265,도림교(구로),서울특별시,37.510475,126.89094,37.51077,126.891495
8266,오류철도고가차도,서울특별시,37.492954,126.837142,37.493205,126.837442
8267,개화교,서울특별시,37.583115,126.798381,37.583736,126.798051
8268,행주1교,서울특별시,37.591011,126.79879,37.591618,126.799467
8269,행주2교,서울특별시,37.592071,126.799939,37.592403,126.800329
8270,개봉교,서울특별시,37.485439,126.856531,37.485969,126.856482
8271,광복교,서울특별시,37.492673,126.866895,37.492758,126.866132
8272,구로1교,서울특별시,37.487378,126.897556,37.487622,126.897846
8273,오금교,서울특별시,37.507555,126.874497,37.50949,126.872668
8274,광명교,서울특별시,37.481573,126.847028,37.481766,126.846397
8275,목동교,서울특별시,37.531254,126.886049,37.530464,126.88967
8276,개봉철도고가차도교,서울특별시,37.495447,126.850971,37.496563,126.850036
8277,여의하류2교,서울특별시,37.532263,126.909721,37.532453,126.910307
8278,구일고가차도교,서울특별시,37.493295,126.871596,37.491782,126.873857
8279,가리봉철도고가교,서울특별시,37.486033,126.880009,37.485526,126.881437
8280,신월IC교,서울특별시,37.525215,126.835069,37.525905,126.834677
8281,목동교동측IC교,서울특별시,37.530411,126.891165,37.531663,126.891268
8282,가마산고가차도,서울특별시,37.492257,126.882201,37.492985,126.882983
8283,개봉고가차도,서울특별시,37.494893,126.856296,37.491874,126.855996
8284,구로공단 I.C,서울특별시,37.48551,126.881446,37.488141,126.876998
8285,시흥I.C,서울특별시,37.478881,126.898514,37.479041,126.899458
8286,목동교(신교),서울특별시,37.530471,126.889667,37.531279,126.886023
8287,신정교접속교,서울특별시,37.516293,126.881813,37.515979,126.882809
8288,역곡천교,서울특별시,37.479152,126.821685,37.478805,126.821299
8289,행주IC교,서울특별시,37.592024,126.803733,37.592208,126.803446
8290,오금교접속교,서울특별시,37.506095,126.876157,37.507076,126.875114
8291,오류IC,서울특별시,37.498023,126.848662,37.498278,126.848444
8292,도림천하류복개구조물,서울특별시,37.515817,126.883219,37.515972,126.88279
8293,철산교(하류),서울특별시,37.474688,126.876469,37.475091,126.877926
8294,기아대교(하류),서울특별시,37.438717,126.902675,37.438683,126.899444
8295,기아대교(상류),서울특별시,37.438682,126.899472,37.438699,126.902715
8296,반포교,서울특별시,37.499933,126.984905,37.500224,126.985415
8297,관악도림교(하류),서울특별시,37.489623,126.918881,37.48979,126.91991
8298,이수교,서울특별시,37.49987,126.985341,37.50025,126.984968
8299,사방교,서울특별시,37.485575,126.983311,37.485604,126.983667
8300,신사고가교,서울특별시,37.521614,127.017871,37.521981,127.017667
8301,노들(북측)고가차도,서울특별시,37.512397,126.958587,37.5145,126.95362
8302,도림고가차도,서울특별시,37.512006,126.89792,37.510939,126.898549
8303,노들(남측)고가차도,서울특별시,37.52267,126.959363,37.522574,126.960424
8304,수출의다리고가차도,서울특별시,37.476126,126.881757,37.477586,126.88691
8305,강남터미널고가교,서울특별시,37.503265,127.00246,37.507356,126.999989
8306,관악도림교(상류),서울특별시,37.489504,126.91892,37.489689,126.919938
8307,여의교(하류),서울특별시,37.516725,126.92828,37.514913,126.927014
8308,철산교(상류),서울특별시,37.475106,126.877932,37.474672,126.876463
8309,여의상류샛강IC2교,서울특별시,37.517016,126.942017,37.516492,126.939201
8310,구로교,서울특별시,37.484746,126.902938,37.48539,126.903446
8311,봉림교,서울특별시,37.483823,126.926053,37.483904,126.926516
8312,여의상류IC본교박스,서울특별시,37.516621,126.940793,37.517137,126.940651
8313,주흥교고가차도,서울특별시,37.509467,127.015854,37.509623,127.016304
8314,신길고가차도,서울특별시,37.516917,126.916798,37.517318,126.916634
8315,동방1교,서울특별시,37.471585,126.933961,37.471777,126.934127
8316,영동5교,서울특별시,37.490692,127.065228,37.489218,127.066024
8317,탄천2교,서울특별시,37.502338,127.071746,37.503255,127.074314
8318,삼성교,서울특별시,37.510105,127.067492,37.510576,127.070377
8319,세곡3교,서울특별시,37.461952,127.107889,37.462603,127.107989
8320,광평교,서울특별시,37.488859,127.106628,37.489533,127.108732
8321,탄천교,서울특별시,37.493082,127.10012,37.494223,127.103706
8322,방이고가,서울특별시,37.505432,127.122428,37.504222,127.124813
8323,서부교,서울특별시,37.513969,127.142587,37.514286,127.142707
8324,성내유수지교,서울특별시,37.525528,127.118015,37.526028,127.122451
8325,성내5교,서울특별시,37.501401,127.137344,37.501725,127.137616
8326,오륜교,서울특별시,37.516831,127.131293,37.517332,127.131687
8327,대곡교,서울특별시,37.468243,127.121565,37.469151,127.123252
8328,복정2교,서울특별시,37.469637,127.124241,37.469874,127.124699
8329,장지1교,서울특별시,37.476335,127.127025,37.476133,127.127058
8330,성내교,서울특별시,37.523484,127.116366,37.524326,127.116893
8331,상일2교,서울특별시,37.547099,127.173886,37.54722,127.174174
8332,고덕교,서울특별시,37.563235,127.172551,37.563443,127.172894
8333,여의천교,서울특별시,37.459096,127.048916,37.458997,127.048582
8334,강일육교,서울특별시,37.557395,127.175449,37.557498,127.17602
8335,버들2교,서울특별시,37.477448,127.118762,37.478052,127.11835
8336,세곡1교,서울특별시,37.465439,127.100089,37.465388,127.101169
8337,진형교,서울특별시,37.606441,126.969383,37.606563,126.969705
8338,세검1교,서울특별시,37.600998,126.959584,37.600793,126.959097
8339,배오개다리,서울특별시,37.568797,126.997948,37.569013,126.997906
8340,세운교,서울특별시,37.568478,126.995328,37.568692,126.995293
8341,마전교,서울특별시,37.56953,127.002063,37.569719,127.002047
8342,버들다리,서울특별시,37.569599,127.006659,37.569781,127.006727
8343,북악스카이웨이2교,서울특별시,37.597287,126.970038,37.596976,126.970627
8344,북악스카이웨이3교,서울특별시,37.592225,126.966088,37.592973,126.966433
8345,영도교,서울특별시,37.571004,127.019071,37.571176,127.018884
8346,다산교,서울특별시,37.569742,127.015867,37.569945,127.015788
8347,오간수교,서울특별시,37.569677,127.009697,37.569887,127.009694
8348,길음교,서울특별시,37.601918,127.022119,37.601593,127.022034
8349,안암2교,서울특별시,37.579309,127.024578,37.579064,127.024227
8350,보문3교,서울특별시,37.585804,127.020699,37.585959,127.021073
8351,월곡교,서울특별시,37.602537,127.038962,37.602511,127.038192
8352,북악스카이웨이4교,서울특별시,37.602107,126.99716,37.602019,126.997531
8353,화랑교,서울특별시,37.602811,127.035635,37.602403,127.035525
8354,돈암차도육교,서울특별시,37.597897,127.021507,37.598406,127.020646
8355,동선고가차도,서울특별시,37.594418,127.018983,37.595917,127.020725
8356,북악스카이웨이1교,서울특별시,37.601151,127.010917,37.601203,127.011568
8357,월계2교,서울특별시,37.624321,127.049845,37.624544,127.050185
8358,제3우이교,서울특별시,37.636746,127.036306,37.637093,127.036615
8359,빨래골교,서울특별시,37.627696,127.012362,37.628546,127.012708
8360,쌍문교,서울특별시,37.64677,127.025283,37.646507,127.025062
8361,도봉교,서울특별시,37.680747,127.04551,37.681029,127.045567
8362,방학교,서울특별시,37.661591,127.042209,37.66204,127.042325
8363,문이교,서울특별시,37.657708,127.014418,37.657647,127.014687
8364,도봉제1교,서울특별시,37.679491,127.04972,37.679928,127.050072
8365,모래말다리,서울특별시,37.662173,127.046646,37.661846,127.046751
8366,우이교,서울특별시,37.642649,127.030714,37.643086,127.031202
8367,묵동교,서울특별시,37.617402,127.07577,37.616928,127.075928
8368,노원교,서울특별시,37.679103,127.050332,37.678905,127.051392
8369,녹천교,서울특별시,37.645884,127.055103,37.645667,127.05644
8370,당현2교,서울특별시,37.650152,127.068761,37.650585,127.068574
8371,상계교,서울특별시,37.661919,127.05057,37.661738,127.052225
8372,창동교,서울특별시,37.652931,127.053595,37.653079,127.054842
8373,월계1교,서울특별시,37.632379,127.062474,37.633108,127.06361
8374,월릉교,서울특별시,37.615986,127.070468,37.616514,127.072181
8375,당현1교,서울특별시,37.646317,127.063517,37.646795,127.063268
8376,당현3교,서울특별시,37.644962,127.060955,37.644881,127.061544
8377,화랑고가차도,서울특별시,37.614341,127.063444,37.615592,127.06895
8378,장월1교,서울특별시,37.602517,127.037931,37.602119,127.037832
8379,장월2교,서울특별시,37.602497,127.038226,37.602051,127.038342
8380,성북3교,서울특별시,37.591409,127.013593,37.591226,127.013839
8381,하늘다리,서울특별시,37.59033,127.016511,37.590431,127.016825
8382,미아리구름다리,서울특별시,37.597669,127.021911,37.597893,127.021532
8383,당현천4복개구조물,서울특별시,37.658734,127.071741,37.660085,127.072609
8384,솔샘고가차도,서울특별시,37.615076,127.00888,37.615416,127.00892
8385,관수교,서울특별시,37.568276,126.992404,37.568467,126.99238
8386,삼일교,서울특별시,37.568038,126.98763,37.568221,126.987641
8387,장통교,서울특별시,37.568276,126.985642,37.568459,126.985704
8388,광교,서울특별시,37.56877,126.982756,37.568968,126.982778
8389,수색교,서울특별시,37.58589,126.885651,37.586853,126.887023
8390,증산2교,서울특별시,37.584044,126.911003,37.584418,126.910476
8391,북한천다리,서울특별시,37.658625,126.947251,37.658783,126.947636
8392,삼천골다리,서울특별시,37.650619,126.936701,37.650295,126.936639
8393,사천교,서울특별시,37.568011,126.917372,37.568484,126.916506
8394,홍남교,서울특별시,37.575169,126.926656,37.575655,126.926256
8395,충정교,서울특별시,37.562586,126.964355,37.562388,126.964205
8396,홍연2교,서울특별시,37.577701,126.931309,37.577953,126.930655
8397,홍연교,서울특별시,37.579855,126.936166,37.580256,126.936166
8398,홍제교,서울특별시,37.592122,126.943901,37.591915,126.944614
8399,성산2교,서울특별시,37.565439,126.911651,37.565815,126.911274
8400,중동교,서울특별시,37.575258,126.900936,37.574863,126.901582
8401,증산교,서울특별시,37.577184,126.902773,37.576571,126.903447
8402,홍제2교,서울특별시,37.590783,126.941944,37.591255,126.941618
8403,남산육교,서울특별시,37.557307,126.976417,37.557685,126.976346
8404,백련교,서울특별시,37.582439,126.936931,37.582714,126.937333
8405,연희ic,서울특별시,37.564495,126.92931,37.564703,126.929102
8406,남산1호입구 iC,서울특별시,37.559996,126.990029,37.559942,126.990227
8407,반딧불이다리,서울특별시,37.629802,126.929349,37.62955,126.929933
8408,봉원고가차도,서울특별시,37.563995,126.944952,37.567853,126.94779
8409,삼각지고가차도,서울특별시,37.5376,126.967714,37.53602,126.972896
8410,서소문고가차도,서울특별시,37.560703,126.966029,37.562525,126.971789
8411,수색교(구교),서울특별시,37.585912,126.885722,37.586855,126.887006
8412,염천교,서울특별시,37.55952,126.970214,37.559563,126.971193
8413,은평지문,서울특별시,37.643893,126.914994,37.643693,126.914887
8414,잠두봉 고가,서울특별시,37.545861,126.909408,37.545816,126.909626
8415,성산고가차도,서울특별시,37.569405,126.904594,37.568367,126.907374
8416,소월고가차도,서울특별시,37.544128,127.002048,37.543101,127.001146
8417,욱천고가차도,서울특별시,37.533791,126.966765,37.536337,126.970554
8418,한강로다리,서울특별시,37.522668,126.962275,37.522783,126.962362
8419,한남2고가차도,서울특별시,37.535102,127.006393,37.531808,127.008904
8420,현저고가차도,서울특별시,37.571143,126.956419,37.572398,126.96338
8421,안암교,서울특별시,37.576902,127.027556,37.576994,127.027852
8422,제2마장교,서울특별시,37.568153,127.046057,37.569012,127.047366
8423,군자교,서울특별시,37.55955,127.073159,37.560651,127.070761
8424,성동교,서울특별시,37.551772,127.044058,37.553805,127.043693
8425,전농교,서울특별시,37.563988,127.056535,37.563808,127.056852
8426,동진교,서울특별시,37.573941,127.027966,37.573925,127.028162
8427,제1제기교,서울특별시,37.586564,127.03614,37.586575,127.036709
8428,제2제기교,서울특별시,37.588404,127.03714,37.587991,127.037448
8429,종암교,서울특별시,37.591286,127.038512,37.591275,127.039078
8430,먹골교,서울특별시,37.620019,127.085302,37.620179,127.084976
8431,신내교,서울특별시,37.613098,127.101295,37.613341,127.10134
8432,장평교,서울특별시,37.571955,127.077065,37.571782,127.079295
8433,청량제1고가차도,서울특별시,37.587973,127.054528,37.587881,127.054842
8434,청량제2고가차도,서울특별시,37.585537,127.05182,37.585371,127.052095
8435,행당고가차도,서울특별시,37.558026,127.039417,37.558179,127.039038
8436,이문고가교,서울특별시,37.599396,127.067695,37.604874,127.067122
8437,뚝섬고가차도,서울특별시,37.53796,127.043976,37.538125,127.043214
8438,신답고가차도,서울특별시,37.570872,127.049713,37.571028,127.049863
8439,살곶이화해교,서울특별시,37.553898,127.045512,37.55397,127.045863
8440,정릉천교,서울특별시,37.572171,127.035151,37.572434,127.035958
8441,성동교(신교),서울특별시,37.554177,127.04365,37.551902,127.044
8442,장안교(신교),서울특별시,37.580357,127.076276,37.580714,127.077295
8443,장안교(하행),서울특별시,37.580373,127.076126,37.581205,127.078465
8444,금호고가차도,서울특별시,37.544745,127.024602,37.54465,127.024396
8445,안양천교,서울특별시,37.554427,126.875821,37.553895,126.877783
8446,탄천교,서울특별시,37.51843,127.06687,37.518371,127.067962
8447,난지교,서울특별시,37.575906,126.861259,37.575632,126.861761
8448,고덕천교,서울특별시,37.570474,127.157767,37.571064,127.157774
8449,성내천교,서울특별시,37.523605,127.101436,37.524469,127.102088
8450,반포천교,서울특별시,37.505401,126.978107,37.505591,126.979017
8451,난지중앙연결 브릿지,서울특별시,37.56752,126.878005,37.568135,126.878547
8452,만초천교,서울특별시,37.529997,126.951875,37.530371,126.951504
8453,홍제천교,서울특별시,37.558668,126.892506,37.559017,126.892084
8454,봉원천교,서울특별시,37.543158,126.929578,37.543368,126.928992
8455,중랑천교,서울특별시,37.54468,127.031591,37.545833,127.030561
8456,동빙고다리,서울특별시,37.520231,126.996332,37.520362,126.995956
8457,두모교,서울특별시,37.518828,126.992973,37.54319,127.028583
8458,반포북단교,서울특별시,37.519814,126.994895,37.519251,126.993504
8459,서빙고고가차도(구),서울특별시,37.524198,127.001951,37.523004,127.001109
8460,서빙고다리,서울특별시,37.516306,126.986217,37.516342,126.986542
8461,새남터다리,서울특별시,37.525144,126.953913,37.52495,126.954507
8462,뚝도1교,서울특별시,37.551394,127.040684,37.550386,127.038838
8463,뚝도2교,서울특별시,37.550955,127.039917,37.551527,127.041416
8464,군자하단IC교,서울특별시,37.557984,127.068459,37.556902,127.0704
8465,송정교,서울특별시,37.553112,127.066385,37.556243,127.067172
8466,아차산대교(상행),서울특별시,37.545501,127.109099,37.565705,127.119377
8467,자양고가교,서울특별시,37.527417,127.085804,37.53071,127.092076
8468,중랑상단IC교,서울특별시,37.595846,127.070634,37.595539,127.068439
8469,군자상단IC교,서울특별시,37.56318,127.075257,37.563976,127.073058
8470,중랑하단IC교,서울특별시,37.589512,127.069993,37.58978,127.071966
8471,면목천교,서울특별시,37.576463,127.078955,37.577328,127.078871
8472,묵동천교,서울특별시,37.615043,127.072307,37.615877,127.072184
8473,신내1교,서울특별시,37.615859,127.102539,37.615933,127.102216
8474,월릉I.C 화랑로 접속램프,서울특별시,37.615169,127.072769,37.61641,127.072937
8475,돌곶이교,서울특별시,37.61285,127.070635,37.614587,127.070721
8476,월릉하단IC교,서울특별시,37.611361,127.070455,37.611353,127.072736
8477,북부고가교,서울특별시,37.602445,127.037478,37.610114,126.993675
8478,공대천교,서울특별시,37.62459,127.0703,37.624813,127.070165
8479,월릉상단IC교,서울특별시,37.619927,127.071972,37.619892,127.070262
8480,당현4교,서울특별시,37.638487,127.059176,37.638023,127.059555
8481,수락고가교,서울특별시,37.676767,127.051005,37.680235,127.051937
8482,망원1교,서울특별시,37.559458,126.894143,37.559722,126.8924
8483,망원2교,서울특별시,37.558903,126.893145,37.559506,126.89246
8484,망원3교,서울특별시,37.559029,126.892814,37.559337,126.892477
8485,망원4교,서울특별시,37.558898,126.892775,37.559315,126.892347
8486,망원5교,서울특별시,37.558776,126.892656,37.559258,126.892203
8487,홍제천고가교(강변3공구),서울특별시,37.561668,126.897241,37.554802,126.896662
8488,염창IC교,서울특별시,37.550354,126.87801,37.552211,126.879563
8489,염창교,서울특별시,37.552679,126.878561,37.554108,126.875537
8490,노량대교,서울특별시,37.515441,126.952094,37.506744,126.972681
8491,동작교,서울특별시,37.504272,126.978741,37.504257,126.979753
8492,내곡IC,서울특별시,37.45793,127.075646,37.459188,127.074929
8493,동작2교,서울특별시,37.50461,126.978223,37.504597,126.979569
8494,반포대교통과교,서울특별시,37.517925,126.991737,37.520137,126.996758
8495,신동작2교,서울특별시,37.504651,126.97822,37.504624,126.979575
8496,서초3교,서울특별시,37.487684,127.024429,37.48708,127.0247
8497,서초교,서울특별시,37.501723,127.01909,37.501209,127.019333
8498,양재천교,서울특별시,37.471408,127.032422,37.471917,127.031944
8499,신사1고가,서울특별시,37.520169,127.017746,37.520009,127.017828
8500,신사2고가,서울특별시,37.515085,127.015519,37.514887,127.015465
8501,탄천2고가교,서울특별시,37.520662,127.064152,37.497869,127.086309
8502,탄천1고가교,서울특별시,37.484784,127.109344,37.476028,127.119368
8503,한남대교남단2교,서울특별시,37.524631,127.016731,37.524307,127.017433
8504,청담1교,서울특별시,37.518505,127.065402,37.518075,127.070056
8505,잠원고가교,서울특별시,37.523095,127.014548,37.515112,127.015508
8506,신천1교,서울특별시,37.523448,127.10259,37.524425,127.103805
8507,상행1교,서울특별시,37.517806,127.091262,37.518055,127.091989
8508,상행2교,서울특별시,37.521083,127.098629,37.521194,127.098829
8509,하행3교,서울특별시,37.521657,127.098753,37.521279,127.098108
8510,하행4교,서울특별시,37.518239,127.091659,37.518142,127.091335
8511,청담2교,서울특별시,37.518485,127.069901,37.519533,127.064659
8512,상행3교,서울특별시,37.538584,127.115431,37.538845,127.115765
8513,하행1교,서울특별시,37.544985,127.120598,37.545332,127.120757
8514,고덕천교,서울특별시,37.570144,127.158154,37.570398,127.158681
8515,영동대교북단E램프교,서울특별시,37.535038,127.059028,37.533615,127.058237
8516,두모교접속교,서울특별시,37.519681,126.994386,37.519634,126.994271
8517,한남대교남단1교,서울특별시,37.521938,127.013563,37.521442,127.013925
8518,여의상류IC교,서울특별시,37.515948,126.937007,37.517231,126.943929
8519,테크노차도육교,서울특별시,37.535681,127.097125,37.535467,127.097419
8520,잠실대교북단램프D교,서울특별시,37.529164,127.08955,37.529773,127.089408
8521,영동대교북단램프D교,서울특별시,37.533037,127.060408,37.533982,127.060924
8522,잠실대교북단램프C교,서울특별시,37.528393,127.086686,37.528079,127.087298
8523,반포고가,서울특별시,37.508564,127.016422,37.504347,127.018141
8524,개화램프A교,서울특별시,37.590054,126.806069,37.591032,126.806568
8525,개화램프D교,서울특별시,37.592696,126.800114,37.5905,126.799676
8526,행주3교,서울특별시,37.593337,126.802767,37.593223,126.801169
8527,행주4교,서울특별시,37.592922,126.801524,37.592944,126.801988
8528,양화대교북단램프교(F-1),서울특별시,37.548216,126.907294,37.547589,126.907055
8529,양화대교북단램프교(F-2),서울특별시,37.545978,126.909331,37.546263,126.909987
8530,성산대교북단램프교(C-1),서울특별시,37.558835,126.893404,37.558196,126.893353
8531,성산대교북단램프교(C-2),서울특별시,37.557138,126.894452,37.556817,126.895508
8532,한남입체시설램프A,서울특별시,37.519396,127.018014,37.521027,127.018309
8533,천호대교 북단U턴차로교,서울특별시,37.540832,127.103825,37.541046,127.10408
8534,아천IC Ramp-F,서울특별시,37.572291,127.126268,37.572775,127.128272
8535,아천IC Ramp-G,서울특별시,37.571322,127.126164,37.574327,127.130018
8536,아천IC Ramp-K,서울특별시,37.575527,127.124626,37.574724,127.125836
8537,아천IC Ramp-L,서울특별시,37.575129,127.126414,37.575954,127.125379
8538,아차산대교(하행),서울특별시,37.547712,127.110347,37.565759,127.119225
8539,Ramp-A교,서울특별시,37.476786,127.120708,37.478221,127.117995
8540,Ramp-B교,서울특별시,37.480036,127.116239,37.477376,127.118722
8541,국민대입구 램프,서울특별시,37.60868,126.999632,37.609788,126.996621
8542,국민대입구진입램프,서울특별시,37.60881,126.998508,37.608197,127.00034
8543,독산1교,서울특별시,37.458724,126.891742,37.459804,126.891029
8544,독산2교,서울특별시,37.459878,126.890859,37.458757,126.89168
8545,상촌고가차도,서울특별시,37.468267,127.035391,37.4678,127.035854
8546,서빙고고가차도(신),서울특별시,37.522312,127.000727,37.520163,126.996765
8547,호암대교,서울특별시,37.437544,126.895586,37.438192,126.90458
8548,호암대교 DOWN RAMP-A교,서울특별시,37.440217,126.897442,37.436038,126.898961
8549,호암대교 DOWN RAMP-B교,서울특별시,37.438686,126.897896,37.441281,126.897689
8550,호암대교 UP RAMP교,서울특별시,37.434912,126.898906,37.438482,126.901049
8551,여의중류램프교,서울특별시,37.517254,126.921464,37.517684,126.918268
8552,정릉천고가도로(1공구),서울특별시,37.57245,127.035808,37.552446,127.04602
8553,정릉천고가도로(2공구),서울특별시,37.602525,127.036431,37.572483,127.035816
8554,홍제천고가교(북부1공구),서울특별시,37.589567,126.937769,37.56177,126.897708
8555,홍제천고가교(북부2공구),서울특별시,37.595889,126.95628,37.589704,126.938493
8556,동부간선진입교,서울특별시,37.652869,127.055043,37.651522,127.055218
8557,우면산고가교,서울특별시,37.460169,127.02834,37.4606,127.023692
8558,램프E교,서울특별시,37.594104,126.800222,37.594355,126.799927
8559,Ramp-J2교,서울특별시,37.527684,127.106604,37.527336,127.107175
8560,Ramp-E 교,서울특별시,37.527666,127.106533,37.526633,127.105564
8561,Ramp-J1교,서울특별시,37.531851,127.1092,37.530326,127.108706
8562,개화 RAMP-F교,서울특별시,37.592045,126.800185,37.592255,126.800434
8563,개화 RAMP-F1교,서울특별시,37.592571,126.801925,37.59259,126.80252
8564,영동6교,서울특별시,37.492891,127.071893,37.493892,127.071362
8565,반포대교,서울특별시,37.51001,126.998721,37.51898,126.994365
8566,원효대교,서울특별시,37.522204,126.936693,37.531411,126.954116
8567,한남대교(하류),서울특별시,37.523629,127.016453,37.530249,127.010317
8568,한남대교(상류),서울특별시,37.530096,127.009909,37.523425,127.01611
8569,한강대교(구교),서울특별시,37.513806,126.956433,37.521839,126.961626
8570,한강대교(신교),서울특별시,37.513959,126.956111,37.521975,126.961369
8571,용비교,서울특별시,37.545637,127.027566,37.544992,127.033215
8572,성수대교,서울특별시,37.532163,127.034207,37.542542,127.035902
8573,동호대교,서울특별시,37.532235,127.023885,37.540011,127.018434
8574,올림픽대교,서울특별시,37.528006,127.11052,37.539424,127.098118
8575,잠실철교(도로교),서울특별시,37.52322,127.102362,37.534298,127.095238
8576,비우당교,서울특별시,37.570602,127.026554,37.57097,127.02671
8577,구룡교,서울특별시,37.579789,126.875373,37.575507,126.865633
8578,신정교,서울특별시,37.517926,126.875046,37.516216,126.881671
8579,가양대교,서울특별시,37.574673,126.864941,37.564503,126.857431
8580,금천교,서울특별시,37.465036,126.884389,37.465524,126.885968
8581,양평교,서울특별시,37.539738,126.890198,37.538446,126.883536
8582,봉은교,서울특별시,37.515512,127.067119,37.515709,127.069325
8583,탄천1교,서울특별시,37.499835,127.081224,37.500482,127.083368
8584,광진교,서울특별시,37.542548,127.120272,37.546036,127.109157
8585,광명고가교,서울특별시,37.49134,126.86945,37.492995,126.868998
8586,행주대교(상류교),서울특별시,37.592298,126.804567,37.603631,126.815092
8587,행주대교(하류),서울특별시,37.603594,126.814639,37.591828,126.803753
8588,숯내교,서울특별시,37.478536,127.114709,37.479202,127.116247
8589,한남1고가도로교,서울특별시,37.53947,127.004031,37.542218,127.00161
8590,워커힐고가도로교,서울특별시,37.552601,127.111324,37.560049,127.114414
8591,보라매고가도로교,서울특별시,37.485496,126.900512,37.489536,126.916721
8592,사당고가도로교,서울특별시,37.476648,126.980261,37.476288,126.983618
8593,이수고가도로교,서울특별시,37.500656,126.983726,37.498295,126.987436
8594,두무개다리고가도로교,서울특별시,37.530619,127.011133,37.539281,127.016757
8595,모래내고가교,서울특별시,37.566277,126.914955,37.566705,126.921321
8596,오류고가도로교,서울특별시,37.493959,126.831137,37.49061,126.833338
8597,영등포역고가도로교,서울특별시,37.516834,126.901912,37.513452,126.908692
8598,선유고가도로교,서울특별시,37.530204,126.891051,37.530635,126.893647
8599,영동대교북단고가교,서울특별시,37.53465,127.059796,37.539307,127.062351
8600,구리암사대교,서울특별시,37.564925,127.13555,37.573378,127.12804
8601,겸재교,서울특별시,37.585024,127.072394,37.585602,127.074962
8602,메뚜기다리,서울특별시,37.62899,126.929704,37.629301,126.929964
8603,서해안로 연결램프교,서울특별시,37.496118,126.850277,37.494691,126.848188
8604,아천IC Ramp-B,서울특별시,37.5723,127.126394,37.573499,127.128965
8605,아천IC Ramp-C,서울특별시,37.57206,127.12732,37.571386,127.129809
8606,암사 IC Ramp-G,서울특별시,37.567325,127.133362,37.56488,127.132763
8607,암사IC Ramp-A,서울특별시,37.565492,127.134918,37.566157,127.136178
8608,암사IC Ramp-D,서울특별시,37.567323,127.133373,37.564873,127.132735
8609,암사IC Ramp-E,서울특별시,37.565756,127.134273,37.56622,127.134328
8610,월드컵대교(접속교),서울특별시,37.562627,126.888958,37.560968,126.887763
8611,응봉교,서울특별시,37.551373,127.035303,37.54749,127.036557
8612,월드컵대교 남단연결로 RAMP-A교,서울특별시,37.553082,126.883865,37.549647,126.886105
8613,월드컵대교 남단연결로 RAMP-F교,서울특별시,37.550602,126.8823,37.54794,126.883295
8614,월드컵대교 남단연결로 강남RAMP-BR2교,서울특별시,37.547768,126.883629,37.550542,126.882538
8615,월드컵대교 남단접속교(강남방향),서울특별시,37.549836,126.885831,37.553082,126.883863
8616,월드컵대교 남단접속교(강북방향),서울특별시,37.552847,126.883639,37.550521,126.882443
8617,월드컵대교 북단연결로 RAMP-D교,서울특별시,37.559859,126.887126,37.562754,126.88925
8618,월드컵대교 북단연결로 RAMP-E교,서울특별시,37.55875,126.886553,37.560474,126.890025
8619,월드컵대교 북단접속교(강남방향),서울특별시,37.561543,126.888006,37.562469,126.886488
8620,월드컵대교 북단접속교(강북방향),서울특별시,37.559885,126.887368,37.560446,126.890208
8621,월드컵대교 주경간교,서울특별시,37.559827,126.887325,37.553159,126.883732
8622,사성교(오류IC방향),서울특별시,37.491997,126.872415,37.492407,126.868829
8623,사성교(구로IC방향),서울특별시,37.492471,126.869434,37.492069,126.872284
8624,사당IC교(성산방향),서울특별시,37.470461,126.989283,37.469938,126.982704
8625,사당IC교(수서방향),서울특별시,37.469611,126.982795,37.470261,126.989453
8626,선암교(성산방향),서울특별시,37.4606,127.023623,37.462772,127.017622
8627,선암교(수서방향),서울특별시,37.4606,127.023657,37.462484,127.017447
8628,아치울교(사가정),서울특별시,37.576116,127.12458,37.576528,127.123904
8629,아치울교(암사),서울특별시,37.576354,127.123748,37.576054,127.124457
8630,장자천교(사가정방향),서울특별시,37.574944,127.126289,37.575783,127.12513
8631,장자천교(암사방향),서울특별시,37.575653,127.124971,37.574922,127.126085
8632,선암고가교,서울특별시,37.459519,127.020599,37.460788,127.019995
8641,동부간선진출램프교,서울특별시,37.4851,127.108946,37.480885,127.11232
8642,진입로C,서울특별시,37.509527,126.861631,37.510731,126.860908
8643,신정양천 정문 진입로,서울특별시,37.510542,126.867095,37.509344,126.864991
8644,신정양천 중문 진입로,서울특별시,37.509491,126.865073,37.510538,126.866835
8645,신정양천 후문진입로,서울특별시,37.511897,126.863926,37.511129,126.862152
8646,탄천우안 진출램프,서울특별시,37.484082,127.113456,37.480881,127.116142
8647,잠수교,서울특별시,37.511568,126.998013,37.517933,126.994923
8648,신영교,서울특별시,37.601751,126.961129,37.601713,126.961599
8649,평창3교,서울특별시,37.613385,126.977736,37.613419,126.977954
8650,평창4교,서울특별시,37.614942,126.97953,37.615282,126.979595
8651,평창5교,서울특별시,37.615014,126.97963,37.615458,126.979904
8652,옥천제3교,서울특별시,37.599083,126.956759,37.599221,126.956532
8653,도닥다리교,서울특별시,37.54835,126.982316,37.548571,126.982245
8654,이촌고가차도,서울특별시,37.525649,126.956768,37.524303,126.95863
8655,살곶이다리,서울특별시,37.552593,127.047205,37.553844,127.045778
8656,안감교,서울특별시,37.578363,127.026677,37.578473,127.026915
8657,청량리역구내민자역사고가도로 A Line,서울특별시,37.581174,127.047102,37.580866,127.051166
8658,청량리역구내민자역사고가도로 B Line ,서울특별시,37.58112,127.047125,37.580884,127.051132
8659,청량차도육교,서울특별시,37.586622,127.046968,37.586847,127.047045
8660,배봉차도육교,서울특별시,37.578339,127.063527,37.578172,127.063552
8661,번창교,서울특별시,37.642199,127.031547,37.642514,127.031864
8662,신창교,서울특별시,37.633009,127.038932,37.633241,127.039408
8663,누원1교,서울특별시,37.68052,127.044639,37.680626,127.044537
8664,무수교,서울특별시,37.678425,127.040431,37.678599,127.040125
8665,상도교,서울특별시,37.686241,127.050734,37.686673,127.051755
8666,서원내다리,서울특별시,37.686339,127.041055,37.686202,127.040964
8667,제1무수교,서울특별시,37.677794,127.035941,37.677892,127.035732
8668,모래말본교,서울특별시,37.662021,127.04462,37.662232,127.044586
8669,방학동725교,서울특별시,37.660824,127.050708,37.661023,127.050677
8670,근화교,서울특별시,37.651721,127.014454,37.651685,127.014828
8671,백운교,서울특별시,37.655541,127.014171,37.655546,127.014426
8672,쌍수교,서울특별시,37.654496,127.014321,37.654507,127.014505
8673,어울교,서울특별시,37.660933,127.03638,37.661055,127.036366
8674,우이천교,서울특별시,37.658156,127.014532,37.658127,127.014721
8675,누원교,서울특별시,37.679819,127.043564,37.680104,127.043531
8676,수원교,서울특별시,37.68291,127.043453,37.68319,127.043499
8677,만세교,서울특별시,37.677058,127.029703,37.677067,127.029561
8678,세일교,서울특별시,37.676485,127.032108,37.676542,127.031867
8679,제2무수교,서울특별시,37.679023,127.042341,37.679216,127.042164
8680,쌍우교,서울특별시,37.649583,127.014669,37.64973,127.014961
8681,제일시장앞교,서울특별시,37.661672,127.037752,37.661856,127.037712
8682,모래말1교,서울특별시,37.661289,127.048887,37.661541,127.04887
8683,쌍문동709앞교,서울특별시,37.661685,127.039185,37.661829,127.039194
8684,제3무수교,서울특별시,37.678352,127.037411,37.678514,127.037309
8685,쌍문707교,서울특별시,37.661644,127.040908,37.661801,127.040919
8686,모래말2교,서울특별시,37.662097,127.04492,37.662291,127.044909
8687,방학동674-35교,서울특별시,37.661707,127.038517,37.661838,127.038511
8688,방학동675-20교,서울특별시,37.661666,127.039953,37.661824,127.039967
8689,신도봉교,서울특별시,37.680336,127.047553,37.680656,127.047686
8690,석천교,서울특별시,37.661334,127.01479,37.661352,127.014563
8691,쌍문294교,서울특별시,37.660717,127.035626,37.6606,127.035711
8692,창번2교,서울특별시,37.638612,127.034488,37.638499,127.034097
8693,창번교,서울특별시,37.635611,127.038197,37.635543,127.037801
8694,누원교마을마당,서울특별시,37.679746,127.043378,37.679998,127.043324
8695,구묵동교,서울특별시,37.618074,127.078872,37.618313,127.078756
8696,초안교,서울특별시,37.630886,127.041622,37.631382,127.041684
8697,새싹교,서울특별시,37.657333,127.071827,37.657358,127.072176
8698,벼루말교,서울특별시,37.619986,127.054268,37.620116,127.054472
8699,노원마을교,서울특별시,37.684744,127.054576,37.685064,127.053239
8700,지축교,서울특별시,37.645213,126.921216,37.646186,126.921249
8701,삼천교,서울특별시,37.644537,126.940063,37.644632,126.94055
8702,신흥상가교,서울특별시,37.595623,126.915607,37.595729,126.914981
8703,옥방아다리,서울특별시,37.634948,126.918932,37.635228,126.918921
8704,물푸레교,서울특별시,37.634352,126.915365,37.634071,126.915376
8705,금방아다리,서울특별시,37.639095,126.917787,37.639104,126.918158
8706,상림교,서울특별시,37.645676,126.927374,37.645945,126.92775
8707,진관교,서울특별시,37.63319,126.922716,37.633348,126.923086
8708,삼각산교,서울특별시,37.644171,126.92916,37.644419,126.929534
8709,하늬버들잎다리,서울특별시,37.632309,126.924603,37.63248,126.924181
8710,새버들잎다리,서울특별시,37.632474,126.926718,37.632738,126.926922
8711,만남의다리,서울특별시,37.631568,126.928487,37.631822,126.928772
8712,구파발교,서울특별시,37.634669,126.920411,37.634696,126.920678
8713,밥할머니교,서울특별시,37.627968,126.935318,37.628193,126.934916
8714,배다리,서울특별시,37.64282,126.917083,37.642762,126.916893
8715,금계수교,서울특별시,37.639814,126.917732,37.63983,126.918012
8716,탑동교,서울특별시,37.641507,126.917217,37.641474,126.917433
8717,방패교,서울특별시,37.64725,126.938333,37.647329,126.938457
8718,서오릉고개 녹지연결로,서울특별시,37.619039,126.905355,37.619177,126.906139
8719,금란교,서울특별시,37.643246,126.916405,37.643403,126.91653
8720,옥란교,서울특별시,37.642142,126.916999,37.642037,126.917347
8721,폭포동교,서울특별시,37.628201,126.934179,37.628001,126.934154
8722,금화1교,서울특별시,37.634354,126.914858,37.634253,126.914849
8723,금화2교,서울특별시,37.634215,126.912903,37.634107,126.912889
8724,비둘기다리,서울특별시,37.639771,126.93616,37.639636,126.936393
8725,코스모스다리,서울특별시,37.637652,126.937782,37.63756,126.937811
8726,증산3교,서울특별시,37.580022,126.906454,37.580288,126.906106
8727,충정2교,서울특별시,37.562431,126.964879,37.562374,126.964503
8728,옥천2교,서울특별시,37.596959,126.950578,37.597004,126.950841
8729,홍은대교,서울특별시,37.597419,126.946779,37.59754,126.946459
8730,옥천교,서울특별시,37.596484,126.954611,37.596334,126.954443
8731,포방교,서울특별시,37.598323,126.948924,37.598469,126.948938
8732,홍은교,서울특별시,37.594346,126.947213,37.59458,126.946677
8733,홍전교,서울특별시,37.596177,126.946652,37.596211,126.946822
8734,홍제3교,서울특별시,37.587962,126.936292,37.588149,126.935933
8735,옥천3교,서울특별시,37.596766,126.956084,37.596737,126.956371
8736,금화터널입구고가교,서울특별시,37.568237,126.94784,37.568093,126.948169
8737,증가로차도육교,서울특별시,37.573225,126.928036,37.573394,126.928342
8738,와우교,서울특별시,37.555386,126.930557,37.555893,126.930927
8739,희망교,서울특별시,37.53761,126.887513,37.53831,126.889548
8740,신정잠수교,서울특별시,37.51857,126.879329,37.518524,126.880237
8741,상오정교,서울특별시,37.537942,126.797176,37.53803,126.797275
8742,개명교,서울특별시,37.481489,126.84993,37.481884,126.850105
8743,개웅교,서울특별시,37.483778,126.853988,37.483612,126.854573
8744,철산2교,서울특별시,37.488053,126.859192,37.487748,126.859775
8745,구로2교,서울특별시,37.491815,126.895075,37.492196,126.895733
8746,신도림교,서울특별시,37.507252,126.893364,37.507528,126.893929
8747,신도림1교,서울특별시,37.509408,126.891562,37.509773,126.892291
8748,새말고가교,서울특별시,37.501407,126.881341,37.501579,126.881717
8749,금천과선교,서울특별시,37.46166,126.890721,37.46199,126.891732
8750,금천한내교,서울특별시,37.460957,126.889711,37.459977,126.887914
8751,독산보도교,서울특별시,37.455467,126.891937,37.455803,126.893029
8752,고구동산교,서울특별시,37.509132,126.953482,37.509091,126.953926
8753,한국냉장앞고가교,서울특별시,37.514426,126.946123,37.515524,126.943825
8754,흑석유수지고가교,서울특별시,37.508195,126.963239,37.508415,126.963499
8755,동방2교,서울특별시,37.471144,126.935128,37.471273,126.935182
8756,문화교,서울특별시,37.477952,126.932946,37.478167,126.933025
8757,삼성교,서울특별시,37.470767,126.941431,37.470877,126.941406
8758,신림4~5동교,서울특별시,37.485436,126.924247,37.485466,126.924589
8759,신림교,서울특별시,37.481723,126.92876,37.481962,126.929002
8760,신성1교,서울특별시,37.470906,126.936816,37.471017,126.93685
8761,신성교,서울특별시,37.470797,126.93772,37.470918,126.937737
8762,신화교,서울특별시,37.475224,126.936674,37.475373,126.936408
8763,양산교,서울특별시,37.473777,126.933959,37.474013,126.933719
8764,화랑교,서울특별시,37.470655,126.938913,37.470772,126.938947
8765,사평로~신반포로 연결 교량반포천2교,서울특별시,37.501765,126.995702,37.500152,126.996522
8766,샘마을육교,서울특별시,37.463683,127.070828,37.463924,127.070992
8767,반포천1교,서울특별시,37.499918,126.996656,37.499726,126.996774
8768,영동4교,서울특별시,37.48704,127.056645,37.488002,127.056338
8769,대왕교,서울특별시,37.4669,127.122077,37.467165,127.123621
8770,휘여울소교,서울특별시,37.465497,127.095122,37.465284,127.095245
8771,실여울교,서울특별시,37.466119,127.099406,37.465783,127.099357
8772,성내7교,서울특별시,37.505533,127.137004,37.505822,127.136343
8773,마천교,서울특별시,37.499994,127.146027,37.499877,127.146281
8774,고덕보도육교,서울특별시,37.560742,127.159821,37.560853,127.159801
8775,신암보도육교,서울특별시,37.554975,127.132819,37.55484,127.132797
8776,암사 보도육교,서울특별시,37.554981,127.12767,37.554819,127.127681
8777,천동 보도육교,서울특별시,37.540699,127.136834,37.540501,127.136969
24072,금천고가교,서울특별시,37.441936,126.899675,37.441936,126.899675
24854,원지2교(부산0),서울특별시,37.441914,127.059142,37.441914,127.059142
24855,원지2교(부산1),서울특별시,37.441914,127.059142,37.441914,127.059142
24856,원지2교(서울0),서울특별시,37.441914,127.059142,37.441914,127.059142
24857,원지2교(서울1),서울특별시,37.441914,127.059142,37.441914,127.059142
24858,원지1교(부산0),서울특별시,37.456747,127.046344,37.456747,127.046344
24859,원지1교(부산1),서울특별시,37.456747,127.046344,37.456747,127.046344
24860,원지1교(서울),서울특별시,37.456747,127.046344,37.456747,127.046344
24861,양재육교(부산),서울특별시,37.463249,127.040142,37.463249,127.040142
24862,양재육교(서울),서울특별시,37.463249,127.040142,37.463249,127.040142
25078,중랑IC3교,서울특별시,37.577292,127.14088,37.577292,127.14088
25227,송파IC교(구리),서울특별시,37.470399,127.125191,37.470399,127.125191
25228,송파IC교(판교0),서울특별시,37.470399,127.125191,37.470399,127.125191
25229,송파IC교(판교1),서울특별시,37.470399,127.125191,37.470399,127.125191
25230,송파IC1교,서울특별시,37.470399,127.125191,37.470399,127.125191
25231,송파IC2교(구리),서울특별시,37.477105,127.132244,37.477105,127.132244
25232,송파IC2교(판교0),서울특별시,37.477105,127.132244,37.477105,127.132244
25233,송파IC2교(판교1),서울특별시,37.477105,127.132244,37.477105,127.132244
25234,송파IC3교,서울특별시,37.477105,127.132244,37.477105,127.132244
25235,사자교(구리0),서울특별시,37.485344,127.13598,37.485344,127.13598
25236,사자교(구리1),서울특별시,37.485344,127.13598,37.485344,127.13598
25237,사자교(판교0),서울특별시,37.485344,127.13598,37.485344,127.13598
25238,사자교(판교1),서울특별시,37.485344,127.13598,37.485344,127.13598
25239,거여고가교(구리0),서울특별시,37.502363,127.143191,37.502363,127.143191
25240,거여고가교(구리1),서울특별시,37.502363,127.143191,37.502363,127.143191
25241,거여고가교(판교),서울특별시,37.502363,127.143191,37.502363,127.143191
25280,상일IC3교,서울특별시,37.550227,127.17893,37.550227,127.17893
25281,상일IC1교,서울특별시,37.550227,127.17893,37.550227,127.17893
25282,상일IC2교,서울특별시,37.550227,127.17893,37.550227,127.17893
25283,상일IC교(구리),서울특별시,37.550227,127.17893,37.550227,127.17893
25284,상일IC교(판교),서울특별시,37.550227,127.17893,37.550227,127.17893
25285,상일IC7교,서울특별시,37.550227,127.17893,37.550227,127.17893
25286,상일IC6교,서울특별시,37.550227,127.17893,37.550227,127.17893
25287,강일교(구리0),서울특별시,37.566883,127.170658,37.566883,127.170658
25288,강일교(구리1),서울특별시,37.566883,127.170658,37.566883,127.170658
25289,강일교(판교0),서울특별시,37.566883,127.170658,37.566883,127.170658
25290,강일교(판교1),서울특별시,37.566883,127.170658,37.566883,127.170658
25291,강동대교(구리0),서울특별시,37.574329,127.164315,37.574329,127.164315
25292,강동대교(구리1),서울특별시,37.574329,127.164315,37.574329,127.164315
25293,강동대교(판교),서울특별시,37.574329,127.164315,37.574329,127.164315
25294,강일IC1교,서울특별시,37.574329,127.164315,37.574329,127.164315
25295,강일IC2교,서울특별시,37.574329,127.164315,37.574329,127.164315
25296,강일IC3교,서울특별시,37.574329,127.164315,37.574329,127.164315
25297,강일IC4교,서울특별시,37.574329,127.164315,37.574329,127.164315
25367,사자교(구리2),서울특별시,37.481143,127.135353,37.481589,127.135484
25368,송파IC4교,서울특별시,37.477076,127.132077,37.477138,127.132212
25369,송파IC5교,서울특별시,37.477053,127.132043,37.477147,127.132178
25370,송파IC6교,서울특별시,37.477026,127.132031,37.477107,127.132144
25371,송파IC7교,서울특별시,37.477026,127.13202,37.477093,127.132127
33064,김포공항IC램프교,서울특별시,37.582063,126.797773,37.582993,126.797362
33066,개화육교(상행선),서울특별시,37.584772,126.795581,37.585733,126.800972
33068,개화교,서울특별시,37.585699,126.808108,37.584853,126.812314
33388,덕릉교(일산),서울특별시,37.675861,127.088412,37.677131,127.085784
33389,덕릉교(퇴계원),서울특별시,37.675551,127.088112,37.67694,127.08528
33697,세곡교(서울),서울특별시,37.463952,127.093194,37.46478,127.092907
33698,헌릉IC1교,서울특별시,37.463026,127.089828,37.463956,127.089865
33699,헌릉IC2교,서울특별시,37.463765,127.089111,37.464058,127.08935
33700,헌릉IC3교,서울특별시,37.464056,127.090978,37.463995,127.091501
33716,세곡교(용인),서울특별시,37.463823,127.092881,37.46472,127.092577
34039,중랑IC1교,서울특별시,37.578649,127.129926,37.578649,127.129926
34044,중랑IC2교,서울특별시,37.590105,127.115069,37.590105,127.115069
34047,중랑IC교(구리),서울특별시,37.608122,127.114831,37.608122,127.114831
34048,중랑IC교(포천),서울특별시,37.608122,127.114831,37.608122,127.114831
34081,중랑IC3교,서울특별시,37.611816,127.114844,37.612364,127.115623
34409,충성교,서울특별시,37.545073,126.821118,37.545291,126.822271
34410,단결교,서울특별시,37.544914,126.821477,37.545032,126.822122
34440,국내선 고가도로 램프구간,서울특별시,37.567065,126.803519,37.566838,126.804962
34442,"국제선 제1고가도로(1,3,4) 램프구간",서울특별시,37.571303,126.803425,37.570493,126.80367
34443,"국제선 제2고가도로(2,5,6,) 램프구간",서울특별시,37.56584,126.80434,37.566802,126.803406
34447,인천공항방향 고가도로,서울특별시,37.570621,126.803845,37.571317,126.803557
34451,구중교,서울특별시,37.523978,127.117163,37.523646,127.117222
34453,무지개다리,서울특별시,37.52518,127.123654,37.524633,127.123602
34454,청룡교,서울특별시,37.522898,127.127324,37.523524,127.127693
34486,공대교량,서울특별시,37.456052,126.94955,37.455401,126.949759
