도로폭,시점,Latitude,Longitude,종점,Latitude,Longitude
52,광진구 중곡동 680-20,37.5598972,127.0727654,광진구 광장동 557-1,37.5438091,127.1089378
20,마포구 상암동 496-106(가양대교),37.5693231,126.8609947,광진구 광장동 594(광장동 시계),37.5478239,127.1047149
39,구의동 245-8(광진우체국),37.5381719,127.0907574,구의동 658(세양아파트 입구),37.5375813,127.0938987
38,성동구 성수동1가 671(성동교남단),37.5502104,127.0437836,광진구 광장동 575-3(올림픽대교남단),37.5373038,127.1017648
15,광장동 401-17(양진중학교),37.5450106,127.0982929,광장동 334-12(광장육교),37.5482385,127.106878
23,자양동 813-0(구의 빗물펌프장),37.5313257,127.0920489,구의동 199-18(삼성쉐르빌ⓐ),37.5400124,127.0946811
15,구의동 244-50(KT광진지사),37.5382091,127.0892948,구의동 228-1(구의시장앞),37.5444241,127.0907254
23,광진구 광장동 303-111(광진교남단),37.544762,127.113096,강동구 상일동444-1(상일동길),37.5455441,127.1681446
11,"군자동 503(구, 민중병원 앞)",37.5530406,127.0736767,군자동 478-1(군자역),37.5571506,127.078655
22,중곡동 238-5(중곡펌프장),37.5643299,127.0767939,중곡동 143-146(아차산긴고랑입구),37.5630113,127.0961779
32,광진구 자양동 824(청담대교 북단),37.526569,127.064462,광진구 중곡동 169-80(중곡SK아파트),37.5690372,127.0855359
20,서울시 성동구 강변북로 140,37.5369855,127.047472,경기도 의정부시 동일로 260,37.7240657,127.0539196
34,성동구 성수동2가 159-16,37.5338744,127.0582909,경기도 양주시 마전동 118-8,37.7797627,127.0499331
18,서울특별시 성동구 옥수동 168-1(용산구 경계),37.5400509,127.0177866,서울특별시 광진구 구의동 593-18(동서울호텔 앞),37.534593,127.091966
14,광진구 군자동 64-2,37.5542917,127.0750482,광진구 중곡동 546,37.5709006,127.0838946
37,광진구 화양동 507-7,37.5456425,127.0765926,광진구 광장동 2-6,37.5582091,127.113476
15,중곡동 79-2(중곡사거리),37.5584485,127.0879758,광장동 383-12(아차산생태공원입구),37.5518658,127.1007676
29,광진구 중곡동 471-2,37.5533647,127.0889529,광진구 중곡동 606-1,37.5704724,127.0861422
11,광장동 530-1(광장삼거리),37.5429801,127.0944288,광장동 363-2(워커힐 입구),37.5518657,127.1071053
27,광진구 자양동 571(잠실대교 북단),37.5279097,127.0897789,광진구 구의동 27-34,37.5547344,127.0932663
28,자양동 591-12(자양육관문),37.5297299,127.0749769,자양동 794(자양교회 삼거리),37.5374388,127.0775081
5,구의동 587-21,37.5378054,127.0915423,구의동 587-56,37.5366203,127.090415
27,구의동 546-11,37.5353757,127.0934453,구의동 546-10,37.5340275,127.0947254
6,화양동 21-49,37.5480586,127.0680258,화양동 23-42,37.5467733,127.0673982
6,군자동 356-6,37.5484312,127.0689723,군자동 354-0,37.5499962,127.0689521
6,화양동 18-32,37.5479471,127.0691544,화양동 20-28,37.5465806,127.0680848
7,군자동 358-9,37.548475,127.0697258,군자동 345-6,37.5511581,127.0704846
5,화양동 18-9,37.5478136,127.0696414,화양동 19-27,37.5463481,127.0687885
5,군자동 361-23,37.5480982,127.0726594,군자동 369-9,37.5490356,127.0723033
7,화양동 192-0,37.5475203,127.072422,화양동 111-139,37.5466213,127.0721518
6,군자동 373-8,37.5481301,127.0728631,군자동 366-12,37.5498304,127.0727831
4,화양동 499-59,37.5455678,127.0742105,화양동 500-3,37.5450546,127.0750185
5,화양동 111-256,37.5468794,127.0747548,화양동 499-53,37.5450102,127.0740904
5,화양동 499-23,37.5464507,127.0755534,화양동 495-23,37.5453993,127.076149
7,화양동 499-1,37.5464951,127.0755874,화양동 499-84,37.5456517,127.0749461
4,화양동 499-44,37.5461843,127.0753001,화양동 503-4,37.5452195,127.0755754
8,화양동 498-8,37.546281,127.0759072,화양동 302-4,37.5452124,127.0792957
5,화양동 495-9,37.5459304,127.076439,화양동 478-3,37.5454114,127.07809
4,화양동 478-2,37.5455311,127.0780181,화양동 435-1,37.5449946,127.0789405
4,구의동 633-9,37.5443473,127.0822044,구의동 634-13,37.5438551,127.0837845
8,구의동 633-1,37.5443961,127.0824416,화양동 307-0,37.5433862,127.080312
6,구의동 640-3,37.5438804,127.0819778,구의동 635-5,37.5433028,127.0835631
5,구의동 641-4,37.5433657,127.0816977,구의동 646-5,37.5428148,127.0833234
4,구의동 253-47,37.5449354,127.0838959,구의동 253-62,37.5444217,127.0833987
4,구의동 253-7,37.5448591,127.0844899,구의동 253-31,37.5442935,127.0840545
6,구의동 68-11,37.5452997,127.0862902,구의동 69-34,37.5471872,127.088367
13,구의동 234-1,37.5447856,127.0867815,구의동 250-4,37.5416807,127.0854372
9,구의동 67-37,37.545201,127.0871181,구의동 65-45,37.5468045,127.0889725
7,구의동 230-19,37.5446924,127.0885089,구의동 249-22,37.541161,127.0868583
4,구의동 66-58,37.545063,127.0890461,구의동 66-36,37.5451608,127.0879358
7,구의동 229-9,37.5446515,127.0895363,구의동 222-53,37.5405466,127.0887217
5,구의동 125-11,37.5444007,127.092844,구의동 120,37.5444007,127.092844
6,구의동 228-2,37.5442671,127.0911709,구의동 224-59,37.5415436,127.0908368
6,구의동 203-9,37.5437501,127.0925155,구의동 207-36,37.5417401,127.0925788
7,구의동 202-8,37.5434518,127.0929563,구의동 200-2,37.541167,127.0953041
6,구의동 202-6,37.5425759,127.0939174,구의동 250-11,37.5419208,127.0850699
7,광장동 201-8,37.5443774,127.1040935,구의동 246-76,37.5372364,127.0837893
8,구의동 199-3,37.5406199,127.096147,구의동 214-6,37.5381389,127.0939329
35,구의동 629-0,37.5391792,127.0978953,구의동 546-2,37.5369651,127.094616
6,광장동 394-21,37.5478569,127.1019648,광장동 383-0,37.5484788,127.0996865
7,광장동 258-36,37.5470146,127.1023169,광장동 355-8,37.5485152,127.1033982
4,광장동 394-1,37.5484085,127.1025305,광장동 378-13,37.5498539,127.1009133
7,광장동 355-2,37.5488436,127.1032399,광장동 378-11,37.5504896,127.1010594
7,광장동 285-7,37.5477346,127.105116,광장동 258-4,37.5480181,127.1023709
6,광장동 285-7,37.5477346,127.105116,광장동 350-1,37.5492782,127.1051198
7,광장동 280-1,37.5479019,127.105676,광장동 350-2,37.5489847,127.1054266
4,광장동 332-7,37.5479338,127.1060227,광장동 276-2,37.5490284,127.10581
9,자양동 695-0,37.5314438,127.091001,자양동 690-33,37.5304339,127.0874694
6,구의동 593-10,37.5355759,127.091613,구의동 587-5,37.5373692,127.0910887
7,구의동 587-64,37.5357374,127.0918942,구의동 590,37.536254,127.0895723
7,구의동 216-8,37.5376056,127.0930852,구의동 216-1,37.5383054,127.0926381
5,구의동 217-25,37.537988,127.09341,구의동 218-35,37.5387328,127.092899
4,구의동 224-66,37.5422762,127.0902359,구의동 224-8,37.5421659,127.0911015
4,구의동 226-24,37.5432657,127.0901607,구의동 231-34,37.5435861,127.0881166
4,구의동 227-39,37.5430982,127.0904202,구의동 227-29,37.5430515,127.0907342
5,구의동 227-6,37.5437636,127.0906123,구의동 227-22,37.5437122,127.0909233
7,구의동 228-16,37.5439591,127.0906792,구의동 201-14,37.5413343,127.0947418
5,구의동 221-5,37.5391646,127.0891937,구의동 242-19,37.5389133,127.0865974
4,구의동 221-12,37.5399416,127.0893709,구의동 241-91,37.5403724,127.0867754
7,구의동 223-65,37.5403473,127.0898009,구의동 207-52,37.5414387,127.0932116
6,구의동 224-27,37.5416234,127.0900593,구의동 208-74,37.5413715,127.0920985
4,구의동 224-12,37.5419243,127.0901295,구의동 224-57,37.5417728,127.0910225
4,구의동 225-23,37.5420016,127.0898584,구의동 239-111,37.5422943,127.0875998
7,군자동 362-3,37.5492076,127.0710935,군자동 367-4,37.5495159,127.0727912
5,군자동 346-37,37.5505861,127.0708846,군자동 347-13,37.5508302,127.070273
7,군자동 364-15,37.5511252,127.0715166,군자동 103-0,37.5525873,127.0720813
5,군자동 102-43,37.5527361,127.0718055,군자동 342-10,37.5517458,127.0705528
5,군자동 111-1,37.5535378,127.0727375,군자동 143-13,37.5555319,127.0731249
5,군자동 51-24,37.5553299,127.0766259,군자동 471-12,37.5570532,127.0772851
6,화양동 1-10,37.5444475,127.0716746,화양동 1-20,37.5449346,127.0713277
7,화양동 12-1,37.5448296,127.0711558,화양동 12-41,37.544109,127.0699277
5,화양동 64-2,37.5454296,127.07095,화양동 51-5,37.5452325,127.072267
7,화양동 15-1,37.5454954,127.0706264,화양동 15-62,37.5447415,127.0693558
5,화양동 127-3,37.5458031,127.0708057,화양동 84-3,37.5453665,127.072241
7,화양동 16-1,37.546377,127.070146,화양동 16-43,37.5453538,127.0687708
5,군자동 360-24,37.5491149,127.0705476,군자동 360-4,37.5487862,127.0698942
7,중곡동 244-1,37.5628087,127.0802384,중곡동 258-10,37.5604367,127.0791723
7,중곡동 241-16,37.5629896,127.0810683,중곡동 229-1,37.5645893,127.0819149
7,중곡동 243-2,37.5626375,127.0807938,중곡동 259-12,37.5602026,127.0797348
8,중곡동 241-34,37.5627492,127.0815725,중곡동 172-1,37.5664768,127.0836545
9,중곡동 242-3,37.5624153,127.0814332,중곡동 647-13,37.5586596,127.0796545
7,중곡동 40-13,37.5621967,127.0829295,중곡동 31-3,37.5639197,127.0838492
7,중곡동 41-1,37.5618995,127.082682,중곡동 160-14,37.5581256,127.0809328
6,중곡동 39-49,37.5618958,127.083492,중곡동 32-9,37.5637387,127.0844075
7,중곡동 39-38,37.5616752,127.0839382,중곡동 33-43,37.5635334,127.0850168
8,중곡동 238-3,37.5642046,127.0771823,중곡동 190-7,37.5676134,127.0791246
5,중곡동 340-34,37.561129,127.0840687,중곡동 141-34,37.5577322,127.0820642
11,중곡동 46-18,37.5608704,127.0845048,중곡동 51-33,37.5589208,127.083457
6,중곡동 150-173,37.5609976,127.0850886,중곡동 37-1,37.5617931,127.0854443
6,중곡동 149-37,37.5607039,127.0855946,중곡동 150-160,37.5618388,127.0862523
7,중곡동 150-207,37.5602726,127.0856035,중곡동 54-19,37.5585634,127.085195
4,중곡동 150-183,37.5603699,127.0862347,중곡동 149-2,37.5612593,127.0861107
8,중곡동 150-195,37.5601516,127.0866585,중곡동 35-65,37.5633043,127.0861148
9,중곡동 249-28,37.5638854,127.0770087,중곡동 253-18,37.5616911,127.0760213
7,중곡동 125-1,37.5595628,127.0869279,중곡동 124-59,37.5577447,127.087232
5,중곡동 56-17,37.5600014,127.0870381,중곡동 150-145,37.5617805,127.0866475
6,중곡동 58-27,37.55933,127.087938,중곡동 58-15,37.5601604,127.0877962
6,중곡동 58-25,37.5591057,127.0882902,중곡동 58-1,37.5604733,127.088126
8,중곡동 77-25,37.5587318,127.0889654,중곡동 100-17,37.556703,127.0918727
5,중곡동 62-35,37.5590743,127.0899218,중곡동 147-108,37.5600766,127.0890505
7,중곡동 76-3,37.558847,127.0901424,중곡동 76-13,37.5581509,127.0913153
7,중곡동 63-23,37.5590166,127.0906857,중곡동 70-1,37.5591398,127.0938647
7,중곡동 239-34,37.5640255,127.0777917,중곡동 234-15,37.5657716,127.0786458
6,중곡동 71-1,37.5593408,127.0932583,중곡동 86-23,37.5576486,127.0925893
6,중곡동 69-5,37.558902,127.0924999,중곡동 67-32,37.5593993,127.0926987
6,중곡동 75-1,37.5587431,127.0929504,중곡동 75-47,37.5583671,127.0928815
7,중곡동 74-1,37.5598314,127.0947834,중곡동 74-46,37.558377,127.0943622
3,중곡동 72-58,37.5603422,127.0946614,중곡동 72-121,37.561083,127.0954776
6,중곡동 73-48,37.5600171,127.0951184,중곡동 73-110,37.5583192,127.0948195
7,중곡동 73-49,37.5600083,127.0949744,중곡동 73-16,37.5600731,127.0959486
5,중곡동 73-37,37.5600405,127.0954553,중곡동 73-67,37.5589959,127.0955429
4,중곡동 72-63,37.5609642,127.0955662,중곡동 72-79,37.5617397,127.0956418
5,중곡동 72-69,37.5618653,127.0958256,중곡동 72-86,37.5610858,127.0951156
7,중곡동 248-3,37.5637165,127.0775518,중곡동 254-12,37.5614883,127.0767002
7,중곡동 239-82,37.5637721,127.0785663,중곡동 233-1,37.5655233,127.0793634
7,중곡동 247-7,37.5634889,127.0783128,중곡동 255-5,37.5611201,127.0777213
6,중곡동 239-85,37.5636199,127.0790615,중곡동 198-1,37.5692647,127.0831856
7,중곡동 246-8,37.5632932,127.0789234,중곡동 627-3,37.5596238,127.0771238
7,중곡동 241-23,37.5631078,127.0805674,중곡동 193-1,37.5662856,127.0821677
15,자양동 227-8,37.5375641,127.0699241,자양동 578-7,37.535537,127.0754172
4,화양동 5-43,37.5417549,127.0712147,화양동 5-29,37.5419269,127.0707052
9,화양동 5-1,37.5422743,127.0714232,화양동 31-11,37.5460456,127.0678856
6,화양동 2-9,37.5448897,127.072693,화양동 1-20,37.5449346,127.0713277
6,화양동 39-4,37.5449467,127.073278,화양동 495-19,37.545458,127.0763187
7,화양동 94-59,37.5459179,127.07321,화양동 132-64,37.546746,127.0703928
9,화양동 111-204,37.5468594,127.0736483,화양동 132-64,37.546746,127.0703928
8,자양동 74-14,37.5323179,127.0667332,자양동 87-1,37.5325733,127.0657223
7,군자동 273,37.5511625,127.0758994,군자동 149-11,37.5535148,127.0738864
7,군자동 270,37.551712,127.0763045,군자동 28-1,37.5533628,127.0754887
7,능동 315-9,37.5519353,127.0770971,능동 232-1,37.554298,127.0811797
6,군자동 242-0,37.5529372,127.0768995,군자동 149-8,37.553634,127.0740948
7,능동 283-6,37.5529648,127.0775577,능동 313-8,37.5522565,127.078674
7,군자동 27-23,37.5536905,127.0768419,군자동 28-5,37.5531837,127.0748501
6,군자동 27-2,37.5535222,127.0771404,군자동 70-3,37.5549389,127.0764615
4,군자동 71-1,37.5544933,127.0764922,군자동 73,37.5534819,127.0744795
5,능동 283-30,37.5533215,127.0777553,능동 389-6,37.5527734,127.0794409
7,군자동 45-12,37.5546946,127.0772092,군자동 45-1,37.5556581,127.0777262
7,군자동 2-12,37.5544445,127.0771529,군자동 2-20,37.5546486,127.0767038
6,능동 282-6,37.5544693,127.0783326,능동 389-3,37.5528351,127.0795692
6,군자동 1-1,37.5554749,127.0782008,군자동 475-1,37.5560173,127.0768591
8,능동 282-1,37.5551353,127.0786842,능동 257-25,37.5521225,127.0874079
6,능동 279-4,37.5558576,127.0791002,능동 254-7,37.5527863,127.087578
9,군자동 477-19,37.5564907,127.0787079,군자동 471-12,37.5570532,127.0772851
8,능동 276-4,37.5564635,127.0794563,능동 256-5,37.5524054,127.0888911
9,중곡동 649-8,37.5578753,127.0795622,중곡동 639-1,37.5586629,127.077431
8,중곡동 158-19,37.5579302,127.0801525,중곡동 142-36,37.5571005,127.0821135
7,중곡동 648-17,37.5583188,127.079897,중곡동 640-1,37.5591939,127.0777321
6,자양동 831-1,37.5332573,127.066005,자양동 84-1,37.533135,127.064552
9,자양동 829-0,37.533088,127.0668267,자양동 57-86,37.5344353,127.0630122
5,자양동 78-24,37.533899,127.0657283,자양동 52-89,37.5347637,127.0650453
7,자양동 79-14,37.5337857,127.0653267,자양동 92-1,37.5326842,127.0638822
6,자양동 57-94,37.5340556,127.0651445,자양동 58-3,37.534594,127.0648449
5,자양동 81-0,37.5342445,127.0645186,자양동 52-109,37.5347121,127.0647964
7,중곡동 161-44,37.5583901,127.080381,중곡동 141-27,37.5575783,127.0823843
7,중곡동 647-25,37.5597141,127.0805839,중곡동 643-1,37.5602256,127.0788952
6,중곡동 47-14,37.5596754,127.0811665,중곡동 53-31,37.5583076,127.0850693
8,중곡동 162-1,37.5609637,127.0813095,중곡동 257-8,37.5617117,127.07911
8,중곡동 41-38,37.5609971,127.0818727,중곡동 44-9,37.5602843,127.083892
4,중곡동 41-17,37.5614736,127.0821349,중곡동 44-2,37.5607597,127.0841644
7,중곡동 164-1,37.5627248,127.0822682,중곡동 241-1,37.5636385,127.0801832
5,중곡동 35-63,37.5619418,127.0856517,중곡동 35-47,37.5632611,127.0858152
6,중곡동 31-38,37.5629236,127.0829219,중곡동 150-107,37.5621386,127.0869761
7,중곡동 165-1,37.5642418,127.0830708,중곡동 230-14,37.5649656,127.0809072
9,자양동 553-28,37.5340047,127.0681498,자양동 447-9,37.531692,127.074516
7,중곡동 165-1,37.5642418,127.0830708,중곡동 21-11,37.5633933,127.0872269
7,중곡동 166-34,37.5656968,127.0839545,중곡동 193-26,37.56645,127.0817479
7,중곡동 167-1,37.5662648,127.0842524,중곡동 172-59,37.5670318,127.082072
9,중곡동 168-1,37.5680339,127.0852032,중곡동 170-24,37.5679595,127.0825516
4,중곡동 169-41,37.5683771,127.0854325,중곡동 169-58,37.5679667,127.0839275
9,중곡동 169-8,37.5686098,127.0849881,중곡동 169-21,37.5684575,127.0828618
8,자양동 508-1,37.5361381,127.0685766,자양동 553-57,37.5371492,127.0654205
9,자양동 504-0,37.5345981,127.0691877,자양동 504-1,37.5341499,127.0699972
8,자양동 784-1,37.5364277,127.0682849,자양동 845-1,37.5377663,127.0655388
8,자양동 510-5,37.5369127,127.0696803,자양동 515-1,37.5367331,127.0705945
6,자양동 861-4,37.531692,127.074516,자양동 847-15,37.5382817,127.0664089
4,중곡동 582-3,37.5715252,127.0807623,중곡동 583-11,37.5709837,127.0805284
8,중곡동 580-0,37.5714924,127.0810417,중곡동 585-3,37.570427,127.0805029
8,중곡동 566-1,37.5714411,127.0815464,중곡동 177-32,37.5692973,127.0806443
4,중곡동 564-1,37.5713852,127.0821,중곡동 569-4,37.5706408,127.0819879
8,중곡동 561-2,37.5712922,127.0828721,중곡동 211-20,37.569365,127.0825692
8,중곡동 552-1,37.5711326,127.0838831,중곡동 198-39,37.5686902,127.0834687
6,중곡동 548-11,37.5710335,127.0844437,중곡동 197-3,37.5691044,127.0841504
6,중곡동 542-1,37.5709246,127.085035,중곡동 195-11,37.5692478,127.0847509
4,자양동 835-19,37.5382775,127.0634122,자양동 832-33,37.5390384,127.0643727
8,자양동 249-5,37.5390516,127.0625446,자양동 843-11,37.5372775,127.0646348
5,자양동 836-16,37.5380581,127.0636671,자양동 839-6,37.5385048,127.0648067
5,자양동 40-41,37.5377108,127.0640478,자양동 842-14,37.538029,127.0654071
6,자양동 250-70,37.5391705,127.0625392,자양동 25-1,37.539918,127.0629534
4,자양동 250-21,37.5392715,127.0626516,자양동 249-27,37.5384445,127.063206
6,자양동 251-64,37.5397299,127.0629733,자양동 832-30,37.5388143,127.0639678
6,자양동 12-28,37.539494,127.0645335,자양동 840-14,37.5386805,127.0652399
12,자양동 24-19,37.540195,127.0632881,자양동 2-53,37.5381285,127.0694943
5,자양동 11-10,37.5392102,127.0653776,자양동 841-9,37.5383213,127.0655882
9,자양동 23-3,37.5416425,127.0639961,자양동 1-2,37.5395241,127.0701548
8,화양동 42-16,37.5426902,127.0647551,화양동 5-47,37.5406957,127.070739
6,화양동 234-0,37.5445063,127.0658448,화양동 11-9,37.542381,127.0706924
6,화양동 41-3,37.5454592,127.0661492,화양동 33-43,37.5445856,127.0691974
6,화양동 23-40,37.5468862,127.0670504,화양동 16-86,37.5458627,127.0703537
9,자양동 210-22,37.5351059,127.0604322,자양동 57-82,37.5346906,127.0628391
7,화양동 21-15,37.5477558,127.0675236,화양동 18-26,37.5475678,127.0702093
7,군자동 354-5,37.5496398,127.0685325,군자동 352-8,37.5492771,127.0694925
8,군자동 350-8,37.5502438,127.0689051,군자동 346-21,37.5495654,127.070639
5,군자동 349-3,37.5511048,127.0693394,군자동 349-9,37.5512994,127.0700503
7,군자동 344-1,37.5516338,127.0697088,군자동 343-17,37.5512605,127.0708889
5,군자동 341-47,37.5517556,127.0696144,군자동 342-20,37.5514559,127.0710074
5,군자동 125-54,37.5530854,127.0704544,군자동 125-36,37.5521755,127.0709157
4,군자동 125-23,37.5533944,127.0706427,군자동 125-111,37.5528219,127.0716519
5,군자동 127-18,37.5540869,127.0710445,군자동 125-193,37.5535201,127.0717308
5,군자동 130-8,37.5546662,127.0713405,군자동 130-36,37.5530245,127.0722723
4,자양동 197-9,37.5360427,127.0624253,자양동 197-31,37.5353867,127.0628765
8,자양동 235-3,37.5365058,127.0612163,자양동 51-37,37.5356582,127.0648356
7,군자동 134-53,37.5549721,127.0715197,군자동 116-1,37.5541951,127.0726972
7,군자동 134-53,37.5549721,127.0715197,군자동 146-10,37.5540279,127.0733535
5,군자동 134-33,37.555582,127.0718721,군자동 144-10,37.5552582,127.0727605
7,군자동 158-6,37.5558081,127.0732773,군자동 117-11,37.5544717,127.0725605
7,군자동 194-2,37.5564031,127.0723437,군자동 48-19,37.5552961,127.0753424
4,군자동 157-6,37.5556923,127.074141,군자동 36-0,37.5565151,127.0745296
6,군자동 58-12,37.5555925,127.0744564,군자동 35-1,37.5564883,127.0749338
4,군자동 60-76,37.5553683,127.0750723,군자동 60-46,37.5550216,127.0734414
6,군자동 464-6,37.5577697,127.0731164,군자동 465-38,37.5581845,127.0744524
9,군자동 463-3,37.5587566,127.0736859,군자동 467-18,37.5576011,127.0765006
8,중곡동 613-7,37.5600874,127.0744255,중곡동 625-9,37.560169,127.0757342
6,중곡동 614-4,37.5610195,127.0750662,중곡동 624-20,37.5602081,127.0771711
7,중곡동 252-6,37.561954,127.0755667,중곡동 256-7,37.5608736,127.0783318
7,중곡동 249-20,37.5630418,127.0760588,중곡동 245-6,37.5621308,127.0789381
7,중곡동 235-7,37.5649355,127.0772102,중곡동 231-8,37.5639171,127.079976
7,중곡동 190-37,37.5662121,127.0779369,중곡동 192-28,37.5652184,127.0807384
5,중곡동 190-4,37.5673486,127.078553,중곡동 191-37,37.5664608,127.080678
8,중곡동 187-11,37.5678174,127.0792326,중곡동 181-2,37.5703641,127.080193
10,중곡동 187-12,37.5679452,127.0788535,중곡동 691-9,37.5681982,127.082279
4,중곡동 696-8,37.567861,127.0799766,중곡동 684-9,37.5691501,127.0805192
7,중곡동 181-14,37.569601,127.079722,중곡동 175-27,37.5686345,127.0825936
6,중곡동 589-5,37.5705311,127.0801244,중곡동 572-4,37.5700784,127.0824452
7,자양동 202-41,37.5357816,127.0614551,자양동 52-105,37.5348972,127.064666
7,자양동 238-10,37.5367436,127.0621483,자양동 57-156,37.5343536,127.0624531
6,자양동 843-8,37.5372821,127.0652375,자양동 841-13,37.5388202,127.065845
7,자양동 843-11,37.5372775,127.0646348,자양동 4-4,37.5381557,127.0684561
9,자양동 52-6,37.5363432,127.0638204,자양동 57-8,37.5333006,127.0634554
3,자양동553-130,37.5365969,127.0651881,자양동 553-175,37.5369177,127.0657752
7,자양동 45-1,37.5362921,127.0651929,자양동 44-1,37.5369471,127.0644873
3,자양동45-46,37.5362005,127.0645466,자양동 48-55,37.5341512,127.0666413
6,자양동 553-323,37.5361749,127.0658308,자양동 11-1,37.5387034,127.0666848
4,자양동 45-34,37.5360587,127.0649498,자양동 48-55,37.5341512,127.0666413
5,자양동 553-15,37.5361413,127.0662794,자양동 553-396,37.5373301,127.0664831
5,자양동 47-1,37.5354461,127.066066,자양동 52-89,37.5347637,127.0650453
9,자양동 553-276,37.5358423,127.0659301,자양동 553-651,37.5342551,127.0677841
5,자양동 553-202,37.5358268,127.0674223,자양동 553-9,37.5366548,127.066874
9,자양동 553-203,37.5357334,127.0674057,자양동 4-1,37.5380983,127.0686599
5,자양동 48-53,37.5340723,127.0668703,자양동 48-38,37.5343622,127.067279
9,자양동 553-329,37.5354022,127.0675809,자양동 64-11,37.5336657,127.066735
9,자양동 507-6,37.5355048,127.0691643,자양동 533-2,37.5370226,127.0700899
8,자양동 553-473,37.534745,127.0700454,자양동 854,37.5318919,127.0679483
8,자양동 553-43,37.5350424,127.0700693,자양동 533-2,37.5370226,127.0700899
6,자양동 787,37.5322136,127.0716289,자양동 474-24,37.5312205,127.072726
11,자양동 553-502,37.5340724,127.0718277,자양동 809,37.5313062,127.06965
12,자양동 553-41,37.5347885,127.0712566,자양동 533-2,37.5370226,127.0700899
6,자양동 559-19,37.5363173,127.0729979,자양동 464-1,37.5328213,127.0733305
7,자양동 520-2,37.5332679,127.073985,자양동 477-20,37.5310343,127.0713546
10,자양동 520-9,37.5336296,127.0749787,자양동 578-7,37.535537,127.0754172
9,자양동 610-12,37.5332146,127.0762218,자양동 612-17,37.5342445,127.0777238
6,자양동 608-17,37.5328371,127.0762722,자양동 591-0,37.5300737,127.0755326
6,자양동 609-22,37.5329729,127.0770812,자양동 614-23,37.533938,127.0783231
9,자양동 607-17,37.5325934,127.0771845,자양동 705-0,37.5289443,127.0765565
6,자양동 615-14,37.5327849,127.0776026,자양동 621-51,37.5345847,127.0795469
7,자양동 607-13,37.5323681,127.0777004,자양동 705-0,37.5289443,127.0765565
7,자양동 615-45,37.5325518,127.0783791,자양동 625-5,37.5350797,127.0809757
7,자양동 606-17,37.5322163,127.0784415,자양동 594-0,37.5293839,127.0775297
7,자양동 616-34,37.5323537,127.0790092,자양동 612-60,37.5358769,127.0826543
9,자양동 636-11,37.5315341,127.0796402,자양동 652-38,37.5308633,127.0824316
16,자양동 636-10,37.5317573,127.0797341,자양동 642,37.5286006,127.0782817
6,자양동 637-3,37.5309436,127.0792812,자양동 650-6,37.5298767,127.0825684
6,자양동 639-0,37.5302555,127.0789455,자양동 650-42,37.5296602,127.0816389
9,자양동 639-11,37.5299083,127.078801,자양동 666-0,37.5292882,127.0828649
7,자양동 640-1,37.5296517,127.0786684,자양동 670-0,37.5285792,127.0834469
7,자양동 636-5,37.5315056,127.0807601,자양동 642-4,37.5283688,127.0792629
8,자양동 653-34,37.5315998,127.0823202,자양동 617-3,37.5334348,127.0806715
7,자양동 670-0,37.5285792,127.0834469,자양동 673-0,37.5284368,127.08591
9,자양동 652-33,37.5313017,127.0823641,자양동 671-0,37.5280005,127.0835706
6,자양동 660-16,37.5323506,127.0834466,자양동 617-36,37.532695,127.0798109
6,자양동 661-20,37.5319241,127.0837876,자양동 624-45,37.534546,127.0818111
7,자양동 663-21,37.5309059,127.0841536,자양동 650-6,37.5298767,127.0825684
7,자양동 662-12,37.5311675,127.0830972,자양동 670-0,37.5285792,127.0834469
6,자양동 659-32,37.5320535,127.0841249,자양동 612-60,37.5358769,127.0826543
6,자양동 681-5,37.5326831,127.086312,자양동 685-44,37.5321432,127.0869643
7,자양동 682-29,37.5331149,127.0875173,자양동 692-0,37.5307405,127.0897285
7,자양동 683-9,37.5334298,127.0885454,자양동 813-0,37.5300164,127.0897927
9,자양동 694-2,37.5336499,127.0896854,자양동 813-0,37.5300164,127.0897927
4,구의동 592-24,37.5347582,127.0907615,구의동 591-3,37.5352966,127.0899565
7,구의동 593-19,37.5344948,127.0911892,구의동 587-58,37.5360262,127.0912192
7,중곡동 192-1,37.5665494,127.0814057,중곡동 191-1,37.5673146,127.0792081
7,중곡동 170-25,37.5677519,127.0824705,중곡동 170-2,37.5677884,127.0836766
6,중곡동 175-27,37.5686345,127.0825936,중곡동 175-106,37.5691699,127.0818302
4,중곡동 211-24,37.5691358,127.0827871,중곡동 175-31,37.5688634,127.081861
5,중곡동 199-27,37.5696241,127.0832424,중곡동 196-9,37.5694528,127.0842021
8,중곡동 210-1,37.5703043,127.0830469,중곡동 578-3,37.5705702,127.0807772
4,군자동 48-24,37.5543277,127.0748064,군자동 60-6,37.5550509,127.073662
5,군자동 48-14,37.5557023,127.0755034,군자동 159-2,37.5559215,127.0734469
4,군자동 49-9,37.5558538,127.0759026,군자동 51-24,37.5553299,127.0766259
5,군자동 48-9,37.5561363,127.0757374,군자동 161-1,37.5559822,127.0732631
6,군자동 470-9,37.5566539,127.0762913,군자동 470-17,37.556036,127.0767029
7,중곡동 629-7,37.5592984,127.0774031,중곡동 634-1,37.5601839,127.0751905
6,중곡동 622-8,37.5602617,127.0779967,중곡동 624-1,37.5610593,127.0756916
7,화양동 50-1,37.5423197,127.0646508,화양동 24-3,37.5465959,127.0672946
7,자양동 17-5,37.5414999,127.0648134,자양동 16-27,37.5399744,127.0637777
7,화양동 49-20,37.5418536,127.0657088,화양동 31-11,37.5460456,127.0678856
5,자양동 17-14,37.5413277,127.0654492,자양동 13-9,37.5396945,127.064632
7,화양동 49-12,37.5416739,127.0663865,화양동 36-1,37.5447669,127.0681271
7,자양동 8-3,37.5410409,127.0664694,자양동 10-32,37.5393766,127.0654885
7,화양동 48-3,37.5414252,127.0672115,화양동 35-1,37.5445104,127.068902
5,자양동 8-4,37.5408666,127.0671171,자양동 9-33,37.5391489,127.06627
9,화양동 48-14,37.5411488,127.0679331,화양동 34-75,37.5441009,127.0696029
9,자양동 7-25,37.5405535,127.0680953,자양동 6-20,37.5388906,127.0673902
4,화양동 7-3,37.5408156,127.0690315,화양동 10-1,37.5435023,127.0699004
5,자양동 7-6,37.540222,127.0688422,자양동 5-5,37.5386765,127.0681859
7,화양동 7-2,37.5405273,127.0697603,화양동 12-2,37.5441957,127.0712112
7,자양동 1-3,37.5399117,127.0699222,자양동 2-38,37.5382267,127.0689817
21,자양동 227-336,37.5382901,127.0745698,자양동 783-1,37.5363514,127.0745967
7,자양동 227-6,37.5383694,127.0751122,자양동 227-65,37.5374957,127.0747727
5,자양동 225-54,37.5389804,127.0764469,자양동 225-74,37.5392086,127.0755729
7,자양동 226-38,37.5383922,127.0768762,자양동 226-28,37.5388056,127.0752737
9,자양동 223-4,37.5373962,127.0787717,자양동 611-33,37.5342993,127.0772599
4,자양동 225-24,37.538641,127.0779514,자양동 225-39,37.5388049,127.0772753
8,자양동 224-9,37.5379873,127.0787088,자양동 224-15,37.5380899,127.0782923
5,자양동 222-14,37.5373842,127.0792489,자양동 612-32,37.5348983,127.0788061
5,자양동 230-1,37.536356,127.0795815,자양동 612-39,37.5351477,127.0797923
6,자양동 221-1,37.5369192,127.0809184,자양동 229-45,37.5362374,127.0783173
5,자양동 774-14,37.5373204,127.0811855,자양동 774-1,37.5380818,127.0797805
5,자양동 219-24,37.5365963,127.0811385,자양동 219-2,37.5361988,127.0831787
5,자양동 219-18,37.5368126,127.0813079,자양동 612-47,37.5354028,127.080787
5,자양동 218-16,37.5360963,127.0823001,자양동 612-58,37.5357424,127.0821252
5,구의동 246-14,37.5370435,127.0843831,구의동 241-154,37.5398672,127.0869058
13,구의동 246-8,37.5376721,127.0851042,구의동 251-139,37.5415154,127.0852928
5,구의동 246-40,37.5373184,127.0859641,구의동 248-10,37.5412176,127.0861602
7,구의동 246-3,37.5375471,127.0863769,구의동 248-77,37.5409732,127.0867984
7,구의동 243-23,37.5379166,127.088354,구의동 241-96,37.5403837,127.0884877
6,구의동 590-10,37.5358181,127.0894718,구의동 590-14,37.5361388,127.0906352
10,자양동 781-1,37.5377111,127.0892362,구의동 592-39,37.5345272,127.0903086
7,구의동 591-1,37.5352088,127.089799,구의동 591-17,37.535473,127.0905345
7,구의동 244-6,37.5385756,127.0908854,구의동 223-1,37.5413659,127.0908351
6,구의동 218-16,37.5385209,127.0917774,구의동 216-5,37.5380342,127.0923714
5,구의동 219-17,37.5389599,127.0916872,구의동 209-7,37.5412627,127.0917047
6,구의동 213-14,37.539496,127.0934178,구의동 213-13,37.5391005,127.0937621
6,구의동 219-3,37.5396506,127.0928649,구의동 209-77,37.541168,127.0920721
7,구의동 212-2,37.5405332,127.0942699,구의동 224-65,37.5427111,127.090325
7,광장동 471-6,37.541154,127.0967128,광장동 457-25,37.5420899,127.1013675
5,광장동 425-2,37.5421511,127.0981542,광장동 413-9,37.5436783,127.0986921
23,광장동 453-1,37.5423975,127.1020703,광장동 554-7,37.5397145,127.1000979
9,광장동 241-1,37.5457757,127.1044688,광장동 248-22,37.5467551,127.1024396
8,광장동 244-6,37.5461565,127.1049122,광장동 248-24,37.5468598,127.1030947
9,광장동 549-18,37.5474709,127.1077606,광장동 328-2,37.5474006,127.1064461
11,광장동 337-4,37.5482033,127.107566,광장동 320-6,37.5468092,127.1075054
11,광장동 124-0,37.5497388,127.1096866,광장동 325-1,37.5478473,127.1077983
13,광장동 122-0,37.5478239,127.1047149,광장동 323-2,37.5476186,127.1079131
6,구의동 556-6,37.555075,127.0934224,구의동 549-1,37.5561249,127.0953352
7,구의동 558-10,37.5549458,127.0935545,구의동 552-1,37.5558176,127.0954776
6,구의동 559-8,37.5546959,127.0940012,구의동 552-6,37.5554159,127.0953463
7,구의동 21-1,37.5543148,127.0959768,구의동 24-23,37.5532137,127.0951602
7,구의동 20-1,37.5545717,127.0950687,구의동 23-29,37.5535121,127.0971638
6,구의동 21-36,37.553734,127.0968146,구의동 23-19,37.5533741,127.0954423
7,중곡동 78-39,37.5580363,127.0891396,중곡동 77-4,37.5586581,127.0898817
6,광장동 381-56,37.5511291,127.1006498,광장동 381-60,37.5511874,127.1005092
6,중곡동 86-31,37.5580584,127.0925006,중곡동 107-16,37.5566999,127.0937114
7,중곡동 83-16,37.5572099,127.0903069,중곡동 102-55,37.5576359,127.0950705
6,중곡동 102-22,37.5581634,127.0946611,중곡동 102-36,37.5570912,127.0937944
7,중곡동 88-36,37.5564943,127.0913164,중곡동 86-15,37.5578344,127.0928323
8,중곡동 99-11,37.5559517,127.0920438,중곡동 102-1,37.5581807,127.0945019
7,중곡동 104-5,37.5554294,127.0933616,중곡동 143-139,37.5576099,127.0961721
8,중곡동 107-45,37.5551492,127.0931818,중곡동 73-89,37.5577033,127.0954333
5,중곡동 104-2,37.5567901,127.0947609,중곡동 104-1,37.5575699,127.0958181
6,중곡동 57-2,37.5606946,127.0877391,중곡동 147-42,37.5607529,127.088605
5,중곡동 150-101,37.5609413,127.0876482,중곡동 147-24,37.5610086,127.0888094
4,중곡동 150-93,37.5612438,127.0875881,중곡동 150-335,37.56138,127.0884715
7,중곡동 150-72,37.5621705,127.0874071,중곡동 150-31,37.5623198,127.0885159
5,중곡동 150-66,37.5624757,127.0873447,중곡동 150-44,37.56242,127.0882749
8,중곡동 116-4,37.5544481,127.0881629,중곡동 139-40,37.5570012,127.0823717
5,중곡동 150-65,37.5626083,127.087319,중곡동 150-27,37.5628085,127.0885
12,중곡동 28-1,37.5642769,127.0865507,중곡동 37-4,37.5612037,127.0847103
10,중곡동 18-75,37.5636979,127.087144,중곡동 176-1,37.5668387,127.0885593
8,중곡동 29-1,37.5661795,127.086081,중곡동 29-70,37.5662852,127.0847826
9,중곡동 18-29,37.5652492,127.0868556,중곡동 18-59,37.5653728,127.0883888
5,중곡동 29-7,37.5671157,127.0861118,중곡동 29-16,37.5660267,127.085547
5,중곡동 18-13,37.5673895,127.0865086,중곡동 18-18,37.567243,127.0875644
5,중곡동 29-29,37.5677888,127.0860019,중곡동 29-41,37.5661594,127.0851571
6,중곡동 297-16,37.5679339,127.0868724,중곡동 293-28,37.5687667,127.0869606
7,중곡동 18-1,37.5678471,127.0863908,중곡동 176-42,37.5672252,127.0900388
3,중곡동 296-18,37.5677608,127.0876724,중곡동 296-1,37.5685936,127.0879366
5,중곡동 176-21,37.5674903,127.0886852,중곡동 176-111,37.5680616,127.0898095
4,중곡동 29-55,37.5679621,127.0859731,중곡동 29-42,37.5662025,127.0850391
6,중곡동 92-9,37.5550551,127.0886155,중곡동 89-10,37.5563249,127.0910483
9,중곡동 290-1,37.5700177,127.085879,중곡동 176-110,37.5682392,127.0894433
7,중곡동 291-1,37.5691934,127.0858256,중곡동 169-21,37.5684575,127.0828618
6,중곡동 289-10,37.5694437,127.0863373,중곡동 287-15,37.5694657,127.0884013
7,중곡동 290-1,37.5700177,127.085879,중곡동 199-1,37.570186,127.0834437
7,중곡동 605-5,37.5705825,127.0864248,중곡동 599-6,37.5702164,127.0882783
7,중곡동 605-1,37.5707246,127.0864254,중곡동 599-2,37.5707094,127.0881188
6,중곡동 117-1,37.5561681,127.0878776,중곡동 139-1,37.5573113,127.0826114
6,중곡동 92-47,37.5562066,127.0883999,중곡동 89-1,37.556886,127.0902387
6,중곡동 123-1,37.5575666,127.0876948,중곡동 139-29,37.5571534,127.0829477
9,중곡동 80-11,37.5571681,127.0883042,중곡동 79-12,37.5577601,127.0890251
9,중곡동 124-8,37.5587669,127.0875077,중곡동 46-24,37.5602274,127.084152
8,중곡동 59-21,37.559743,127.0888302,중곡동 284-0,37.5634973,127.0880738
7,중곡동 58-17,37.5597487,127.0878553,중곡동 70-10,37.5591549,127.0927794
7,중곡동 147-24,37.5610086,127.0888094,중곡동 67-1,37.559874,127.0915708
4,중곡동 147-23,37.5609461,127.0889665,중곡동 147-52,37.5618173,127.0897668
5,중곡동 147-74,37.5607157,127.0896344,중곡동 143-84,37.561602,127.0904645
5,중곡동 143-26,37.5604046,127.0904968,중곡동 143-94,37.5617082,127.0906492
9,자양동 210-22(영동대교북단),37.5351059,127.0604322,자양동 674(잠실대교북단),37.5302215,127.0860522
7,자양동 628-30,37.5346876,127.0839436,자양동 633-20,37.532377,127.0808175
6,자양동 623-3,37.5343354,127.0816457,자양동 621-24,37.5350978,127.0807265
15,자양동 627-2,37.5356457,127.0836106,자양동 616-29,37.5322128,127.0795486
8,자양동 613-7,37.5347819,127.0791751,자양동 613-7,37.5347819,127.0791751
7,자양동 616-14,37.5325473,127.0797035,자양동 609-0,37.5334811,127.0770644
9,자양동 626-5,37.535953,127.0834126,자양동 614-5,37.5340826,127.0778051
5,자양동 216-25,37.5363221,127.083912,자양동 216-9,37.5365959,127.0850189
11,구의동 252-90,37.5375874,127.0836869,구의동 221-6,37.5389437,127.0891119
5,자양동 771-31,37.5382281,127.0805213,자양동 771-18,37.5390169,127.0804206
5,자양동 769-10,37.5392937,127.0829226,자양동 773-0,37.5383353,127.0790547
7,자양동 769-8,37.5395201,127.0829817,자양동 769-29,37.5385835,127.08145
7,구의동 251-53,37.5396334,127.0834414,구의동 241-9,37.5399632,127.0883875
5,구의동 654-6,37.5417023,127.0824368,구의동 650-1,37.543207,127.0816181
7,자양동 765-7,37.5411537,127.0833362,구의동 634-1,37.5441285,127.0838956
6,구의동 654-10,37.5420305,127.0827523,구의동 651-1,37.5425818,127.0817111
4,구의동 254-108,37.5413419,127.083458,구의동 254-104,37.541746,127.0827445
7,구의동 250-21,37.5421002,127.0842633,구의동 222-31,37.540277,127.0894545
5,구의동 236-8,37.5424129,127.0849871,구의동 236-57,37.5437066,127.085512
6,구의동 236-53,37.542604,127.0845284,구의동 225-25,37.5416478,127.0897743
6,구의동 254-1,37.5439734,127.0845946,구의동 634-4,37.5442685,127.0834907
7,자양동 686-0,37.5310059,127.0868585,자양동 688-5,37.5314369,127.0888456
6,구의동 235-37,37.5440106,127.0851259,구의동 226-62,37.5429264,127.0900561
7,구의동 234-25,37.5445136,127.0853388,구의동 229-5,37.5440664,127.0903506
6,구의동 620-29,37.5459109,127.0857486,구의동 617-7,37.5482985,127.0868421
4,구의동 68-26,37.5460612,127.0867145,구의동 67-5,37.5454943,127.0875203
4,구의동 80-61,37.5467947,127.0868954,구의동 612-7,37.5487963,127.0856698
6,구의동 69-21,37.5465274,127.0871865,구의동 65-10,37.5459526,127.0880283
5,구의동 80-5,37.5477992,127.0876099,구의동 80-18,37.5471468,127.0868292
8,구의동 80-8,37.5475973,127.0878156,구의동 612-1,37.5487816,127.0859523
7,구의동 70-27,37.5474849,127.0883527,구의동 61-21,37.5465728,127.0913762
6,구의동 79-8,37.548653,127.0888431,구의동 77-61,37.5493485,127.0878342
7,자양동 667-34,37.5299102,127.084201,자양동 673-0,37.5284368,127.08591
9,자양동 677-22,37.5310828,127.0860834,자양동 666-0,37.5292882,127.0828649
7,구의동 71-9,37.5485327,127.089426,구의동 60-88,37.5469342,127.0916209
6,구의동 78-2,37.5495997,127.0899961,구의동 77-33,37.5504096,127.088887
7,구의동 73-3,37.5495293,127.0905668,구의동 59-39,37.5482616,127.0929534
7,구의동 54-11,37.5509302,127.0913165,중곡동 80-1,37.5572327,127.0886732
6,구의동 46-42,37.5501908,127.0940094,구의동 46-1,37.5512889,127.0938766
7,구의동 56-2,37.5509934,127.0917623,구의동 33-1,37.552473,127.0952908
7,구의동 45-12,37.5499005,127.0947057,구의동 45-25,37.5514308,127.0945374
7,구의동 43-10,37.5499006,127.0955121,구의동 35-36,37.551254,127.0963151
7,구의동 55-13,37.5513209,127.0916557,중곡동 91-1,37.5563663,127.0895191
6,구의동 47-19,37.5513639,127.0921086,구의동 47-31,37.5508263,127.0934983
7,구의동 50-9,37.5517487,127.0920155,구의동 50-1,37.5524638,127.0916829
7,구의동 48-8,37.5517515,127.0923627,구의동 33-80,37.5522577,127.0954254
7,구의동 49-10,37.5523403,127.0924459,중곡동 51-1,37.5600239,127.0840583
7,자양동 685-15,37.5315282,127.0868718,자양동 685-2,37.5319722,127.0865672
9,자양동 685-15,37.5315282,127.0868718,구의동 695-1,37.5444007,127.092844
5,자양동 686-13,37.5313949,127.0869861,자양동 686-2,37.5308278,127.0871638
7,구의동 31-15,37.5521284,127.0930702,구의동 26-1,37.5538557,127.0944509
9,구의동 31-18,37.552066,127.0926105,구의동 23-29,37.5535121,127.0971638
7,구의동 30-13,37.5532585,127.0932552,중곡동 96-1,37.5553416,127.0902903
7,구의동 26-20,37.5533158,127.093589,구의동 24-14,37.5525288,127.0947465
9,구의동 28-28,37.553793,127.0935918,중곡동 90-1,37.5564807,127.0898173
7,구의동 143-4,37.5542437,127.0943362,구의동 23-25,37.5527092,127.0954598
9,자양동 677-7,37.5316721,127.0855447,자양동 663-0,37.5306572,127.0827247
7,자양동 681-40,37.5320063,127.0861091,자양동 683-24,37.5331,127.0886974
9,자양동 658-16,37.5331039,127.0846898,자양동 660-0,37.5322863,127.0825201
7,자양동 657-4,37.5337862,127.084304,자양동 653-47,37.5317775,127.0812127
4,자양동 799-5,37.5362797,127.0768909,자양동 802-3,37.536054,127.0779612
6,자양동 227-133,37.5368795,127.0765589,자양동 227-211,37.5373499,127.0746617
5,자양동 799-0,37.5368564,127.0769888,자양동 798-2,37.536734,127.0781739
5,자양동 227-128,37.5373986,127.0767172,자양동 227-57,37.5378439,127.0749084
7,자양동 590-4,37.53029,127.0745025,자양동 587-6,37.5306331,127.0717716
8,자양동 600-15,37.5307376,127.07524,자양동 595-31,37.5299645,127.0784984
6,자양동 584-0,37.5316366,127.0746088,자양동 590-5,37.5300792,127.074145
6,자양동 584-3,37.5315277,127.0749454,자양동 787-0,37.5322136,127.0716289
6,자양동 585-0,37.5318104,127.0739376,자양동 589-16,37.5301322,127.0734982
6,자양동 586-1,37.5317353,127.073545,자양동 586-24,37.5308986,127.0726903
6,자양동 601-15,37.5316324,127.0754587,자양동 605-30,37.5309842,127.0789407
6,자양동 583-19,37.5322428,127.0751685,자양동 462-21,37.5330117,127.0728632
9,자양동 608-21,37.5327013,127.0758253,자양동 606-45,37.5315943,127.0792067
5,자양동 227-283,37.5355482,127.0761503,자양동 227-289,37.5356911,127.0754076
6,자양동 611-5,37.5344736,127.0763255,자양동 612-17,37.5342445,127.0777238
4,자양동 227-262,37.5359522,127.0762701,자양동 227-282,37.5361368,127.0755895
3,서울특별시 광진구 중곡동 680-16제(462),37.5601173,127.0728377,서울특별시 광진구 중곡동 597-6도(610),37.5717371,127.0787396
9,중곡동 612-8,37.5594655,127.0744481,중곡동 614-17,37.5616048,127.0756997
10,군자동 463-9,37.5589226,127.0741786,군자동 194-10,37.5562857,127.0724428
6,중곡동 636-3,37.5592346,127.0751459,중곡동 633-10,37.5600581,127.0755542
4,군자동 93-30,37.5576611,127.0752646,군자동 93-40,37.5578888,127.074618
7,군자동 466-17,37.5584217,127.0752812,군자동 469-10,37.5567986,127.0760619
4,군자동 93-58,37.5573513,127.0753033,군자동 34-2,37.5566171,127.0750222
7,중곡동 636-7,37.5590141,127.0757425,중곡동 632-13,37.5598036,127.0761806
6,중곡동 639-7,37.558032,127.0782177,중곡동 644-1,37.5600325,127.0796423
7,중곡동 157-4,37.5571262,127.0806388,중곡동 48-1,37.5605247,127.0826214
6,능동 220-4,37.5564673,127.0803352,능동 314-9,37.5520376,127.0778469
12,중곡동 341-7,37.5566045,127.0818373,중곡동 141-2,37.5588055,127.083054
10,능동 236-1,37.5558723,127.0818222,능동 197-5,37.5533411,127.0805414
7,중곡동 140-2,37.5564322,127.0826217,중곡동 150-238,37.5598407,127.0844557
6,능동 237-5,37.5549862,127.0840932,능동 177-38,37.5530009,127.081582
6,중곡동 140-26,37.5560931,127.0830931,중곡동 134-52,37.5570293,127.0851901
7,능동 246-1,37.5548979,127.0843216,능동 156-2,37.5531816,127.0806719
7,중곡동 132-24,37.5556158,127.0844741,중곡동 150-255,37.5593922,127.0857638
7,능동 247-1,37.5543504,127.0857568,능동 243-5,37.552567,127.0841361
7,중곡동 131-5,37.5551201,127.0857385,중곡동 127-65,37.559061,127.0857074
7,능동 247-6,37.5539715,127.0866841,능동 251-4,37.5519007,127.0853291
5,중곡동 119-12,37.5549103,127.0862761,중곡동 127-78,37.5587672,127.0859561
7,능동 256-12,37.5533024,127.0881665,능동 253-7,37.5521813,127.0871647
7,중곡동 119-33,37.5547939,127.0865751,중곡동 127-2,37.5592777,127.0861573
9,능동 256-5,37.5524054,127.0888911,능동 242-33,37.5527037,127.0829538
7,중곡동 119-7,37.5545525,127.0870761,중곡동 122-1,37.5575654,127.0869727
6,중곡동 93-13,37.5537061,127.0890995,중곡동 98-42,37.5555898,127.0920876
6,중곡동 115-9,37.5526145,127.0897322,중곡동 109-5,37.5548726,127.0930904
6,구의동 75-1,37.5510477,127.0895364,구의동 616-2,37.5486388,127.0866641
6,구의동 53-6,37.5515611,127.0903339,구의동 52-9,37.5518633,127.0912202
7,구의동 75-19,37.5506027,127.089882,구의동 616-25,37.5482523,127.0873463
7,구의동 73-6,37.5494536,127.0910623,구의동 70-20,37.547284,127.0886098
5,구의동 57-79,37.5497068,127.0920185,구의동 57-45,37.5506183,127.092255
8,구의동 73-9,37.5491667,127.0916109,구의동 64-18,37.546929,127.089145
7,구의동 57-30,37.5494558,127.0928372,구의동 48-1,37.5519309,127.093082
5,구의동 59-14,37.5485486,127.0930494,구의동 61-21,37.5465728,127.0913762
10,광장동 396-13,37.5454235,127.1018593,광장동 414-8,37.5445232,127.0982459
7,광장동 394-28,37.5461443,127.1019634,광장동 394-2,37.5466571,127.1018357
9,광장동 246-11,37.546002,127.1025868,광장동 257-3,37.5470767,127.1035953
6,광장동 244-28,37.5457426,127.1032685,광장동 245-12,37.5460913,127.1036533
2,서울특별시 광진구 자양동 158-17천(2712),37.5353658,127.0702575,서울특별시 광진구 광장동 564천(3396),37.5562948,127.1135499
